,Item_Identifier,Outlet_Identifier,Item_Outlet_Sales
0,FDW58,OUT049,1718.3742498718702
1,FDW14,OUT017,1415.7045417659392
2,NCN55,OUT010,796.5894486540401
3,FDQ58,OUT017,2624.739274198337
4,FDY38,OUT027,5824.625829239538
5,FDH56,OUT046,1860.6872793803782
6,FDL48,OUT018,737.5987890550446
7,FDC48,OUT027,2277.5870874432408
8,FDN33,OUT045,1576.9664041826695
9,FDA36,OUT017,3211.9115389581043
10,FDT44,OUT017,1870.1695242575736
11,FDQ56,OUT045,1424.1869881664993
12,NCC54,OUT019,771.5242917461667
13,FDU11,OUT049,2169.4904117785295
14,DRL59,OUT013,846.3084593875087
15,FDM24,OUT049,2481.1067675529107
16,FDI57,OUT045,3411.332914043388
17,DRC12,OUT018,2991.976435794116
18,NCM42,OUT027,2986.652172370138
19,FDA46,OUT010,546.3902125977329
20,FDA31,OUT013,2969.7342503861496
21,NCJ31,OUT035,3904.162826940713
22,FDG52,OUT046,778.5101615198514
23,NCL19,OUT019,333.9632304895101
24,FDS10,OUT035,3081.2396516873982
25,FDX22,OUT010,609.8128830981764
26,NCF19,OUT035,757.2383205322012
27,NCE06,OUT046,2693.962331671343
28,DRC27,OUT046,3810.326724178858
29,FDE21,OUT035,1919.9356252384923
30,NCR42,OUT019,37.86756332211098
31,FDX51,OUT018,2993.788552060021
32,NCR06,OUT018,699.0909242481471
33,FDU31,OUT027,5428.686326011282
34,FDU59,OUT017,2727.7444463248817
35,FDR03,OUT027,5378.089635322103
36,FDS49,OUT027,2274.7405598046707
37,FDD48,OUT010,311.7593033301855
38,NCF18,OUT017,3284.4907051897612
39,NCD43,OUT027,2755.0093418242623
40,NCD54,OUT018,1860.1038271650884
41,FDY19,OUT010,304.7175599966222
42,NCY54,OUT017,2965.986753969945
43,NCL19,OUT018,1895.812057560046
44,FDP23,OUT010,606.8045936229855
45,FDC26,OUT013,1864.7570853405987
46,FDR14,OUT010,85.98318012494656
47,NCS41,OUT035,3167.615739650918
48,FDF41,OUT035,3974.2874319009866
49,FDU34,OUT046,2102.9002889390144
50,DRH11,OUT046,874.7676422757947
51,FDM03,OUT013,1632.2570507785072
52,FDS31,OUT017,3030.0204892834545
53,FDJ20,OUT017,2139.0575757275906
54,FDV44,OUT027,5094.629127824583
55,FDG02,OUT049,3212.4345692709826
56,FDA09,OUT013,2979.7842831949038
57,FDT04,OUT013,770.9014255592303
58,FDL58,OUT019,800.5330863656998
59,FDE52,OUT045,1519.9676802515733
60,FDW12,OUT035,2197.6581105697983
61,FDL51,OUT017,3480.3664724414566
62,NCY42,OUT027,3491.696300592004
63,FDR07,OUT017,1555.9764848169866
64,FDN40,OUT045,2610.2674542497657
65,FDB35,OUT027,2493.2877325124327
66,FDA22,OUT017,2691.6025106604375
67,NCL06,OUT046,3815.6056099315556
68,FDI35,OUT013,3089.3826279550917
69,NCW42,OUT045,3585.702079249144
70,NCX06,OUT049,3006.608574131311
71,FDC37,OUT027,2874.434881748971
72,FDZ14,OUT018,1893.6180729998089
73,DRG49,OUT049,3876.8989011213
74,NCG06,OUT045,3850.532788646914
75,DRC36,OUT045,2958.359899973763
76,FDV21,OUT019,330.8086221949152
77,FDB53,OUT046,2433.0334303729187
78,DRP47,OUT019,800.3713245290792
79,FDA14,OUT013,2282.4422395202046
80,DRC24,OUT035,2671.095791671554
81,FDW21,OUT018,1460.2632916862385
82,NCH29,OUT046,1591.3180998333219
83,FDU58,OUT013,3244.503115292155
84,FDY27,OUT017,3020.0338517717437
85,FDV56,OUT035,1770.8981496539368
86,FDT59,OUT046,3776.0027946552927
87,FDB23,OUT046,3626.318547720386
88,FDR49,OUT045,784.3956674290282
89,FDB03,OUT010,803.792953824224
90,FDN39,OUT045,2679.1473236291085
91,FDX02,OUT027,5686.47964458599
92,FDQ16,OUT027,2879.6681087450766
93,FDU35,OUT018,1431.5347113813405
94,NCT29,OUT013,2126.4416316404318
95,FDZ27,OUT046,780.7936332892896
96,FDN57,OUT017,2141.2515602878275
97,FDA03,OUT018,2049.618680879582
98,FDZ36,OUT045,3181.347096841488
99,NCU05,OUT013,1258.7676528248162
100,FDT39,OUT018,2229.2397530595167
101,FDK60,OUT017,1565.6374301435394
102,FDZ25,OUT017,2834.992839404646
103,FDG12,OUT046,2116.0636882385347
104,DRB01,OUT019,528.3667990234228
105,NCC43,OUT027,5936.739312011125
106,FDX13,OUT019,800.3713245290792
107,FDM22,OUT049,860.5235822051336
108,FDJ03,OUT027,1484.3057027303662
109,FDU14,OUT018,3491.047501138086
110,FDB33,OUT010,435.1024959663182
111,FDP27,OUT046,3173.643692379276
112,FDO38,OUT010,156.64731220206932
113,FDE28,OUT027,5829.859056235644
114,FDO27,OUT035,1618.0455421116912
115,DRL23,OUT027,2874.434881748971
116,FDS28,OUT046,849.515304697705
117,FDX24,OUT013,1508.0288013936297
118,FDZ02,OUT035,1615.403531124458
119,FDL46,OUT045,1859.9323359885032
120,FDS60,OUT027,4829.9072734993315
121,NCO06,OUT017,750.6002756732332
122,FDO16,OUT035,1427.0639555984421
123,FDC60,OUT049,1458.2609163878078
124,FDA48,OUT018,3216.840816877398
125,FDZ36,OUT027,5047.3053026777525
126,FDK27,OUT045,1971.0128266272727
127,FDW23,OUT018,719.5574563775003
128,FDM14,OUT018,1553.3424632033953
129,FDM14,OUT013,1711.3626322244295
130,FDW60,OUT018,2777.151881630988
131,FDE21,OUT013,1868.166668848301
132,NCM42,OUT035,1830.5687949977355
133,FDY59,OUT010,201.4392437889976
134,DRI49,OUT049,1265.216214603125
135,FDT28,OUT019,379.8279953240258
136,FDQ22,OUT018,704.4823131524254
137,FDR60,OUT049,1094.859703756945
138,FDC50,OUT019,198.8091417219282
139,FDV24,OUT013,2493.174991434125
140,DRF48,OUT010,545.2299478430257
141,FDQ47,OUT046,762.0735167608168
142,DRN36,OUT049,1560.0331037038213
143,NCY06,OUT035,2173.3822549954766
144,FDE52,OUT035,1567.0012629540051
145,NCB54,OUT045,2108.7857948481915
146,NCF31,OUT035,2503.515396429381
147,FDJ08,OUT027,5114.258659504215
148,NCC07,OUT017,1640.516017334052
149,NCD19,OUT027,1607.3995965201898
150,FDL46,OUT049,1989.8476567285734
151,FDM20,OUT045,3845.816958763349
152,NCI06,OUT010,492.1792789521455
153,DRM11,OUT035,4004.47492279202
154,NCH07,OUT018,2436.8377928296545
155,FDS23,OUT013,2163.0418500002206
156,FDO49,OUT018,740.4453166936148
157,FDS35,OUT049,1094.859703756945
158,DRK39,OUT045,1263.5030265125756
159,DRI39,OUT049,917.2215169650599
160,FDV04,OUT017,2681.512863413702
161,NCN14,OUT035,3167.615739650918
162,FDH08,OUT013,3800.6702490949738
163,FDS20,OUT046,3068.3861465193827
164,FDV40,OUT049,1098.2692872646473
165,FDZ48,OUT010,303.5791684026499
166,FDS24,OUT027,2401.5054787411777
167,FDK44,OUT049,2976.1828121644585
168,FDS48,OUT045,2441.765463920666
169,FDK26,OUT010,534.9466800490993
170,FDD23,OUT045,3190.1422869663393
171,NCH54,OUT017,2692.1655665295693
172,NCP14,OUT010,249.1905438883723
173,FDM60,OUT010,47.97206319104862
174,FDV24,OUT017,2498.0243744819677
175,FDH08,OUT018,3420.195660030997
176,FDS12,OUT027,3467.2614445242034
177,FDR39,OUT027,4902.636381499306
178,FDP12,OUT027,1401.5142622636931
179,DRF60,OUT027,5847.1018885577405
180,FDC09,OUT035,1672.738280776948
181,FDF50,OUT018,3070.307846118871
182,FDG28,OUT035,3971.555822985065
183,NCE19,OUT017,839.7264782283985
184,NCM53,OUT010,296.010183953352
185,NCN18,OUT049,1785.5682518249214
186,FDF32,OUT035,3505.2400571348785
187,FDF11,OUT013,3840.893159757232
188,DRI59,OUT049,3664.626090043581
189,NCG54,OUT035,2867.0340469030934
190,FDM44,OUT046,1582.4729377417957
191,FDT57,OUT018,3452.78665798325
192,FDV24,OUT046,2469.0705928635757
193,FDI50,OUT019,707.6128178532756
194,FDS09,OUT035,859.892905170409
195,NCC31,OUT027,4215.94038879497
196,FDQ07,OUT019,623.8923526965975
197,FDC22,OUT017,3297.0855992642237
198,FDZ56,OUT046,2799.3986084852017
199,FDZ40,OUT019,82.65035785641066
200,FDS46,OUT027,3053.2230918536234
201,DRD24,OUT045,2121.029812217183
202,FDV45,OUT017,3223.8146462177956
203,FDL26,OUT045,2598.8244708505517
204,FDA56,OUT018,1879.3728244960619
205,FDN27,OUT046,1847.3553610498539
206,FDM20,OUT049,3896.373875687239
207,FDO16,OUT017,1303.6268377401502
208,FDL03,OUT035,3352.400349703511
209,FDE58,OUT046,1853.4837742101945
210,FDI02,OUT027,3045.1433372189476
211,NCC55,OUT019,39.11880041181212
212,FDR03,OUT018,3109.6586755633894
213,FDB14,OUT017,1517.2351619730866
214,FDR45,OUT013,3880.358615668688
215,NCN07,OUT017,2134.137542326845
216,FDM51,OUT019,236.36001398970552
217,FDT52,OUT027,5928.4593415061645
218,FDL26,OUT046,2592.375909072243
219,NCZ42,OUT046,3783.69579353229
220,DRI47,OUT019,353.53627566815703
221,FDW40,OUT013,2143.605682410169
222,FDN34,OUT046,2806.602113655386
223,FDS01,OUT035,3047.705972585706
224,NCG55,OUT045,1857.387474722795
225,FDC11,OUT035,1454.386198565439
226,FDX35,OUT018,3369.1598532374865
227,NCB06,OUT046,2668.040117946324
228,FDR09,OUT019,793.3295811955159
229,FDC53,OUT017,1561.8435084810574
230,FDY45,OUT013,3909.2056484516
231,FDA22,OUT010,433.90632275703297
232,FDE02,OUT035,1605.3534983157037
233,FDW21,OUT045,1632.7252230500776
234,FDV34,OUT046,1097.311042565973
235,FDS59,OUT049,1786.4003110611018
236,NCW17,OUT017,2134.137542326845
237,NCK54,OUT046,1850.9389129444862
238,FDG17,OUT019,771.6860535827873
239,FDG35,OUT017,2885.116241577663
240,FDD08,OUT010,39.55003116136186
241,NCO07,OUT017,3473.1629672712725
242,FDJ10,OUT010,326.94154528869285
243,FDW36,OUT017,1642.4978227306283
244,FDW21,OUT010,226.19072725894034
245,FDY19,OUT017,1873.0160518961438
246,DRE03,OUT013,773.1848973286685
247,NCC55,OUT049,771.9585984332609
248,FDH52,OUT010,156.80907403868991
249,FDO09,OUT017,3897.8769976678686
250,FDU43,OUT045,3793.3940289284965
251,FDX09,OUT010,488.98340855257925
252,FDH40,OUT019,178.54760964189518
253,FDW58,OUT017,1645.9074062383306
254,FDC47,OUT017,3737.316016495745
255,NCR41,OUT035,1608.200025954274
256,DRG49,OUT035,3944.877343248942
257,FDC52,OUT027,3949.9104673422758
258,FDY13,OUT046,1089.544481526657
259,FDY35,OUT013,773.313948935091
260,FDI35,OUT017,3106.6482108110818
261,NCU18,OUT049,2137.4593501140153
262,FDY33,OUT018,2449.4326869041165
263,FDC15,OUT027,4308.306863590287
264,FDU01,OUT049,3177.547476290442
265,NCU42,OUT046,2794.0072195809234
266,NCV29,OUT018,2713.4775388709318
267,NCY30,OUT017,3107.2112666802136
268,FDQ46,OUT049,1871.7687029880394
269,FDG58,OUT027,4196.009190742476
270,FDK33,OUT017,3473.726023140405
271,NCD07,OUT045,1854.5409470842246
272,NCX29,OUT027,3489.007934861606
273,NCT42,OUT013,2465.4728952078417
274,DRN59,OUT035,759.2201259287772
275,FDI44,OUT035,1311.0996650841396
276,FDA45,OUT049,2885.8253228325543
277,FDP31,OUT045,1097.892580680211
278,FDY01,OUT046,1860.1242235112463
279,FDT09,OUT018,1886.5763296662458
280,DRH03,OUT027,2572.403976543937
281,FDA36,OUT018,2911.7224088887424
282,NCF31,OUT017,2616.5013576554884
283,FDG14,OUT049,2470.2268400228286
284,FDG28,OUT027,5928.4593415061645
285,FDU14,OUT049,3924.65785260102
286,FDY47,OUT019,345.0538706986624
287,FDI56,OUT049,1512.1938914025004
288,DRD01,OUT013,872.8044080064462
289,FDM22,OUT046,852.3618323362753
290,FDH33,OUT013,770.9014255592303
291,DRZ24,OUT013,1864.7570853405987
292,NCQ38,OUT046,1638.7817792308063
293,FDO16,OUT027,2359.3378589552904
294,FDU07,OUT027,3974.7732260180137
295,NCB07,OUT013,3267.225122333771
296,FDU48,OUT045,2108.7857948481915
297,NCM43,OUT045,2677.335207363203
298,FDR31,OUT010,339.3431686449708
299,DRK49,OUT018,711.5240564859887
300,NCI30,OUT010,784.1563164161985
301,DRD60,OUT017,3022.2539282441385
302,NCG19,OUT046,3752.2625429233394
303,FDH12,OUT035,1689.4173960729765
304,FDM32,OUT035,1560.360813652953
305,FDM27,OUT035,2670.0613802988887
306,NCU53,OUT027,4354.271607649271
307,NCQ18,OUT046,1574.2350211989472
308,FDS10,OUT013,2972.58077802472
309,FDB33,OUT027,4316.386618224963
310,FDI12,OUT013,1415.21213624971
311,NCW42,OUT013,3593.7912178011416
312,NCC06,OUT018,1873.9814355917833
313,FDW02,OUT017,2177.9412658568176
314,NCD43,OUT017,1640.516017334052
315,FDM57,OUT018,1098.807656188052
316,FDA58,OUT017,3808.5906114943996
317,FDK56,OUT046,3137.5075390019615
318,FDP52,OUT045,3799.7846157131603
319,FDW20,OUT018,1879.3728244960619
320,FDS52,OUT049,1590.634687610654
321,NCT29,OUT018,1748.3399332358442
322,NCL54,OUT013,2964.3428614818713
323,FDC05,OUT045,3301.936407686545
324,FDF34,OUT035,3358.3547944769216
325,FDP03,OUT027,3439.393996301723
326,FDD32,OUT010,181.17771170896458
327,FDZ10,OUT045,2112.195378355894
328,FDZ40,OUT035,876.5963905030342
329,FDD51,OUT018,708.6775288474184
330,NCY30,OUT019,461.3733903789978
331,FDP58,OUT017,3470.8794955018348
332,FDV49,OUT017,3909.0223553253595
333,FDY24,OUT019,96.89560636015767
334,NCO55,OUT017,1713.3654876337023
335,FDR13,OUT017,1879.656501197196
336,FDS51,OUT017,1062.0346659051002
337,FDP26,OUT045,1642.3838133705449
338,NCB54,OUT027,3467.2614445242034
339,FDF32,OUT017,3289.8820940940395
340,FDN31,OUT018,2913.1741893071685
341,DRM48,OUT017,755.4286087083794
342,FDN20,OUT049,2829.95156883406
343,DRL01,OUT046,3783.206299825477
344,FDV56,OUT049,1725.5777550420542
345,DRH13,OUT027,2874.434881748971
346,FDA03,OUT017,2297.3416553768016
347,FDF47,OUT027,5681.088255681712
348,FDX32,OUT046,2266.1044019889714
349,FDX57,OUT049,1570.6461923817074
350,NCA30,OUT045,3180.655310026717
351,FDO49,OUT013,802.1061575362946
352,FDL04,OUT019,251.9518307255812
353,DRM48,OUT035,743.2174854324521
354,FDR16,OUT013,3482.001266335951
355,NCC19,OUT018,3007.447322677869
356,NCE42,OUT045,3696.8322323067932
357,FDY24,OUT017,860.457985726518
358,FDH19,OUT049,2973.0748950296183
359,FDJ46,OUT013,2969.375287464951
360,FDN45,OUT010,730.3986980343193
361,FDY08,OUT035,2185.977149069939
362,FDZ37,OUT035,1469.8276202784718
363,NCT30,OUT045,779.567334393882
364,DRY23,OUT018,708.806580453841
365,NCZ30,OUT018,1884.8613631218652
366,FDC44,OUT018,1627.1097821286712
367,FDB45,OUT035,1689.8064835551781
368,FDY04,OUT013,2702.757605194759
369,FDM27,OUT046,2665.4952566806155
370,FDZ43,OUT017,3869.029964884956
371,FDT39,OUT019,391.52838256206496
372,NCC06,OUT019,328.26376092920714
373,FDL15,OUT027,4210.707161798864
374,FDL57,OUT017,3897.8769976678686
375,FDU08,OUT046,1555.2809373426649
376,FDK40,OUT017,3909.585411194492
377,FDQ12,OUT010,743.654813534406
378,FDS48,OUT017,2464.2706837607493
379,FDP09,OUT045,3438.8046034921745
380,FDW21,OUT049,1634.438411140627
381,FDY25,OUT035,3080.6765958182664
382,DRE13,OUT017,1426.584469296021
383,FDV43,OUT019,44.51018931609042
384,FDD22,OUT045,1776.2767460910934
385,FDM46,OUT019,190.62493267617356
386,NCO30,OUT010,524.4761605386773
387,FDM25,OUT046,2949.0648105568835
388,NCN41,OUT049,2132.8901934187406
389,FDU24,OUT045,1517.121152613003
390,FDZ50,OUT046,3075.026595820435
391,FDP45,OUT013,3916.409153621784
392,NCM54,OUT045,2103.957461813045
393,FDW10,OUT019,463.91825164470583
394,FDP20,OUT017,2134.700598195977
395,FDK32,OUT046,2443.083463181673
396,FDN52,OUT049,1422.2237538971508
397,FDM58,OUT045,1786.3267788998476
398,FDZ46,OUT027,2989.1970336358463
399,NCA18,OUT018,1621.718393224393
400,FDD35,OUT046,2099.7923718041743
401,NCK31,OUT035,831.7019811762655
402,FDI40,OUT027,2627.3284680426705
403,FDT50,OUT019,206.01264689211212
404,NCT06,OUT046,2666.0583125497474
405,FDT31,OUT035,3240.146715641199
406,FDT45,OUT049,850.4735493963794
407,FDT13,OUT045,3146.239572549709
408,FDO50,OUT045,1509.917647442819
409,NCU18,OUT010,326.9989627887935
410,NCR54,OUT049,3273.67368411208
411,NCO18,OUT018,2701.04440663309
412,FDU09,OUT045,878.1028375633377
413,FDT13,OUT018,2880.971862128577
414,FDE09,OUT046,1856.3303018487645
415,NCK53,OUT019,226.00114212105905
416,FDG45,OUT049,3462.9090020627236
417,DRH15,OUT035,759.2201259287772
418,FDO21,OUT019,715.3835739352
419,FDD14,OUT027,5066.934834357384
420,FDC09,OUT046,1619.2561362962074
421,FDH45,OUT027,1419.9036021175539
422,FDV32,OUT046,1087.2610097572187
423,FDG12,OUT035,2052.68842817159
424,FDS32,OUT013,2137.054720318318
425,NCL55,OUT018,3472.135582441279
426,DRE01,OUT035,3944.877343248942
427,DRE15,OUT049,1097.7062313955153
428,NCL42,OUT045,3840.4255698590705
429,FDP31,OUT013,1093.1572069924516
430,FDN33,OUT018,1356.1022046483777
431,FDZ59,OUT046,2705.9941698766734
432,FDE45,OUT010,488.98340855257925
433,FDJ07,OUT013,1862.2122240748906
434,FDQ45,OUT018,2881.133623965198
435,FDM33,OUT027,5569.737525990165
436,FDO15,OUT010,161.30595610654518
437,FDM46,OUT013,1505.7453296241915
438,FDR03,OUT045,3415.991557947864
439,FDY49,OUT018,2459.32095787625
440,FDQ60,OUT045,1877.452712819637
441,FDW10,OUT049,2888.6718504711243
442,FDO51,OUT049,774.3711218091216
443,FDJ40,OUT018,1488.1954854531032
444,FDS20,OUT018,2801.962198673865
445,FDU45,OUT013,1875.3701740184847
446,FDV02,OUT035,2871.86237993824
447,FDN09,OUT046,3829.8016987447972
448,NCM55,OUT027,5066.934834357384
449,FDN23,OUT018,1911.0489626217418
450,FDY31,OUT010,351.71270865343376
451,FDW03,OUT010,260.83351362631083
452,FDD14,OUT046,3067.823090650251
453,FDV23,OUT017,2131.2910146882746
454,DRI03,OUT045,2985.1124321235134
455,FDN13,OUT035,1632.5454987148346
456,FDF45,OUT027,1840.9963412006296
457,FDU46,OUT035,1470.3906761476037
458,FDB57,OUT049,3625.2478995327256
459,FDV12,OUT049,1597.2751369117063
460,FDQ58,OUT013,2459.9843565820383
461,NCA18,OUT017,1864.778135353295
462,FDH52,OUT049,1080.548298112397
463,FDM24,OUT018,2231.784614325225
464,NCP43,OUT027,4910.874298042154
465,NCO18,OUT019,461.3733903789978
466,FDM32,OUT017,1513.4412403106046
467,NCL07,OUT017,774.2777768432748
468,FDK03,OUT013,3896.9341790558447
469,FDP59,OUT017,1619.388627901397
470,FDQ24,OUT049,3924.65785260102
471,FDQ16,OUT018,1545.2241198096688
472,FDU44,OUT013,2699.9110775561885
473,FDH28,OUT010,40.9303198574853
474,FDV28,OUT019,43.38800383281159
475,FDM22,OUT045,858.8103941145841
476,FDR56,OUT046,3255.7156178376845
477,FDV39,OUT049,3275.9571558815182
478,FDU37,OUT019,178.68326168198905
479,FDQ11,OUT010,850.4304332310044
480,FDX02,OUT045,3637.6751638344617
481,NCS42,OUT018,1332.6273830438336
482,FDY57,OUT027,2552.31461658327
483,FDB21,OUT049,3877.461956990432
484,FDE28,OUT017,3783.2031187123307
485,FDQ55,OUT017,1880.2195570663278
486,FDA48,OUT049,3661.779562405011
487,FDZ19,OUT045,2982.828960354075
488,NCC43,OUT045,3831.620869950107
489,NCV18,OUT046,1252.2261316991203
490,NCA42,OUT018,2439.6843204682245
491,FDY45,OUT046,3858.64873152771
492,NCC30,OUT045,2949.5335523282015
493,FDM57,OUT013,1415.775192118842
494,FDL09,OUT010,439.45947349793187
495,FDB09,OUT027,3472.4946715203096
496,FDT44,OUT035,1917.089097599922
497,NCT06,OUT027,4354.113445741097
498,FDX26,OUT049,3098.376050999109
499,FDK32,OUT013,2619.889891150494
500,DRA12,OUT046,2114.581250438874
501,FDO46,OUT010,537.0710546131395
502,FDE52,OUT013,1418.0586638882803
503,NCH42,OUT045,3787.189721638698
504,FDV08,OUT035,762.6297094364795
505,FDB47,OUT018,3096.163623293877
506,FDC28,OUT010,296.53742506908657
507,FDD22,OUT046,1853.4837742101945
508,FDS07,OUT027,3072.852623533256
509,DRI13,OUT045,3438.2415476230426
510,FDG32,OUT018,3298.4437671438673
511,FDU14,OUT017,3909.0223553253595
512,FDD28,OUT019,92.90407770155844
513,NCP41,OUT017,1777.597627160452
514,FDS08,OUT049,3006.933358924624
515,FDX47,OUT045,2672.1710428731385
516,FDC53,OUT019,221.80592642606598
517,FDQ19,OUT035,3971.555822985065
518,FDL14,OUT045,2608.874503659306
519,FDM33,OUT019,658.1887895762743
520,FDA51,OUT045,1866.5727852895552
521,FDZ27,OUT018,740.3162650871923
522,FDT04,OUT046,778.5101615198514
523,DRC13,OUT049,2142.940226227495
524,FDR16,OUT027,5425.839798372712
525,FDQ03,OUT027,5819.23444033526
526,FDE38,OUT035,2777.5105473058
527,DRH23,OUT027,1626.850201877116
528,FDT11,OUT019,516.2011134002591
529,FDD09,OUT035,3048.269028454838
530,FDR40,OUT045,1274.1161151904619
531,FDX07,OUT017,3119.806160754676
532,FDR07,OUT035,1602.896058159335
533,FDA51,OUT017,1876.8099735586256
534,FDT59,OUT019,770.0925732755925
535,FDF20,OUT017,3292.72862173261
536,FDR13,OUT045,1869.4193129281255
537,FDY26,OUT049,3469.5494513637755
538,FDW04,OUT017,2139.0575757275906
539,FDK52,OUT017,3737.316016495745
540,FDN60,OUT049,2675.3454811048514
541,FDM09,OUT019,447.8480971744407
542,FDP46,OUT049,1415.0202487269667
543,FDB50,OUT019,171.47975651180514
544,NCQ29,OUT049,3905.7459339042125
545,FDP16,OUT027,5950.935400824366
546,FDX33,OUT018,2449.4326869041165
547,FDP07,OUT010,549.2367402363031
548,FDN22,OUT046,3846.940318001087
549,FDF39,OUT049,3931.8613577712035
550,FDS21,OUT017,1029.872705207706
551,NCM42,OUT013,1717.414226719365
552,FDK50,OUT019,430.1115356309615
553,DRF13,OUT027,3704.434012387871
554,FDH35,OUT018,2443.8795361632174
555,FDP60,OUT018,1420.6547838512586
556,DRJ49,OUT027,3470.107972162774
557,NCT42,OUT019,377.2831340583177
558,FDE38,OUT049,2732.1901526939178
559,FDI04,OUT049,3326.040806257094
560,NCH54,OUT045,2646.412749499156
561,FDT56,OUT049,924.9880780043759
562,DRD15,OUT018,3440.916482620006
563,FDV58,OUT013,3185.105549544715
564,FDP21,OUT049,3178.1105321595737
565,FDH05,OUT013,3788.9618355683506
566,FDR10,OUT027,4359.504834645376
567,NCP06,OUT045,2436.9371308855193
568,FDF33,OUT049,1646.9435290996646
569,DRK37,OUT013,3262.4568450825464
570,DRH49,OUT045,1342.8670986670895
571,FDT58,OUT013,2692.707572386005
572,FDD41,OUT018,1453.8089776259649
573,FDP40,OUT018,1649.4372165737802
574,FDM51,OUT027,2619.5503797808565
575,FDO45,OUT010,189.8564743431939
576,FDW33,OUT010,254.5819327926506
577,FDY24,OUT045,866.9470075382415
578,FDB10,OUT010,769.2040681530955
579,FDM40,OUT035,2188.171133630176
580,NCI06,OUT017,3017.425595208992
581,FDW12,OUT019,338.3202080211238
582,FDX48,OUT027,4193.62249138494
583,NCW05,OUT027,2871.5883541104004
584,FDX27,OUT017,1565.6374301435394
585,DRM37,OUT045,3294.169846647229
586,FDA38,OUT045,3901.724740484089
587,FDR36,OUT046,778.0761572571419
588,FDZ45,OUT046,3395.8807098939687
589,FDG05,OUT017,2704.760460604032
590,FDK28,OUT013,3921.0442765149583
591,FDV47,OUT045,1412.7440047672853
592,FDN21,OUT045,2675.0517355937645
593,FDP20,OUT027,3475.34119915888
594,FDI35,OUT045,3071.7267911628514
595,DRY23,OUT013,770.3383696900983
596,FDA56,OUT017,2134.700598195977
597,FDB09,OUT013,2127.0046875095636
598,NCO26,OUT027,3067.4612346289778
599,FDQ49,OUT018,2436.07336068592
600,FDI52,OUT027,3472.4946715203096
601,FDZ44,OUT027,3075.699151171826
602,FDZ09,OUT018,2442.229181733933
603,FDY03,OUT049,1873.017763384813
604,NCG42,OUT017,2129.309209291698
605,DRI13,OUT027,5445.92915833338
606,FDQ32,OUT013,2137.054720318318
607,FDW16,OUT035,1567.564318823137
608,FDU27,OUT046,772.6847683528636
609,FDR28,OUT010,442.3060011365021
610,FDQ49,OUT010,446.5012168314952
611,FDS37,OUT046,1855.7672459796327
612,FDW26,OUT018,3224.0443220475818
613,FDX12,OUT018,3469.4039735253573
614,NCP06,OUT013,2454.5929676777596
615,FDW45,OUT010,351.9633968717187
616,NCN30,OUT049,1558.051298307245
617,FDN24,OUT049,849.9104935272474
618,NCL41,OUT027,1384.5610124389048
619,FDR02,OUT019,302.71899391398733
620,FDD09,OUT010,500.4171954949941
621,FDS33,OUT010,192.4523137634792
622,FDU22,OUT045,1974.1207437621129
623,FDI53,OUT013,2699.9110775561885
624,DRH01,OUT049,2975.6197562953266
625,FDX32,OUT013,2143.605682410169
626,NCP30,OUT018,699.0909242481471
627,FDB60,OUT045,3257.2441462152474
628,FDB14,OUT049,1518.8343407035525
629,NCP02,OUT035,938.5160250365684
630,FDJ10,OUT017,2185.0552838178005
631,FDG34,OUT046,1779.878217121539
632,NCB18,OUT017,1410.8762087307928
633,FDM16,OUT049,1105.4727924348313
634,FDW25,OUT018,1214.6101848657345
635,FDB35,OUT010,202.1088943427119
636,DRN11,OUT013,2135.839121370853
637,FDF41,OUT019,793.3295811955159
638,FDH16,OUT045,1413.3070606364172
639,NCQ50,OUT018,3093.6187620281694
640,DRH23,OUT018,794.618137942412
641,DRJ37,OUT013,2456.574773074336
642,DRJ24,OUT027,5066.934834357384
643,FDY16,OUT035,3175.382300690234
644,FDQ27,OUT045,1683.6426756348094
645,FDZ33,OUT045,2439.4819921512276
646,FDF29,OUT045,2119.3988835260775
647,FDA08,OUT049,2706.3596393344974
648,FDG31,OUT046,1084.1530926223786
649,FDE34,OUT019,494.04469629052846
650,NCR30,OUT027,1978.2959354153056
651,FDV33,OUT035,4000.4028557679776
652,DRZ24,OUT018,1751.1864608744145
653,NCL54,OUT035,3012.9063273122933
654,FDR12,OUT049,2982.464298544312
655,NCC54,OUT046,3810.326724178858
656,DRN59,OUT013,773.1848973286685
657,FDX50,OUT019,300.9490663355805
658,FDV31,OUT027,4832.293972856867
659,NCA29,OUT027,4802.624326991464
660,FDW60,OUT049,3042.1406266939534
661,FDX08,OUT017,3112.602655584492
662,DRD49,OUT013,3781.1952745290346
663,FDD33,OUT046,3757.6539318276177
664,FDW35,OUT013,773.1848973286685
665,FDJ36,OUT017,1622.4091239268976
666,FDV51,OUT035,2741.3686116413564
667,FDW36,OUT046,1635.935251592236
668,FDH35,OUT046,2662.6487290420455
669,NCS30,OUT027,3467.1032826160313
670,FDN49,OUT017,771.560300811127
671,FDL08,OUT018,3436.2468063248034
672,FDI09,OUT013,3827.3726299647033
673,FDP19,OUT018,1876.5262968574916
674,FDU21,OUT010,39.679082767784166
675,NCP41,OUT045,1716.0980059121891
676,FDY10,OUT013,1868.166668848301
677,FDP12,OUT018,695.6504675960862
678,NCN26,OUT049,1869.2238417223311
679,FDK44,OUT013,2969.7342503861496
680,FDC28,OUT049,1776.9133341214795
681,FDJ41,OUT027,5979.782433607279
682,NCT29,OUT035,2178.210588030623
683,NCH42,OUT019,687.9761804452501
684,FDU60,OUT018,2456.47443023768
685,FDS02,OUT045,3261.601123746861
686,FDC51,OUT046,2112.3872658786368
687,FDU03,OUT013,3093.7396054867054
688,FDX39,OUT045,3437.2071362503775
689,NCY05,OUT010,46.591774494925176
690,NCL06,OUT027,5936.739312011125
691,FDD32,OUT035,1321.149697892894
692,NCN41,OUT045,2108.7857948481915
693,NCX53,OUT049,2145.1342107877317
694,FDU57,OUT019,387.0315004942097
695,FDQ23,OUT046,1649.6617067608881
696,FDQ52,OUT045,3855.752072849454
697,FDC14,OUT045,787.371246674021
698,FDY09,OUT035,3048.269028454838
699,FDQ28,OUT045,2606.5910318898677
700,FDV25,OUT046,3608.1122266644743
701,FDJ07,OUT035,1913.981180465082
702,DRB25,OUT049,1644.0970014610944
703,FDK52,OUT019,705.3335411264459
704,FDY52,OUT027,1986.5338519581544
705,FDB28,OUT046,3308.905133388843
706,FDT36,OUT035,743.2174854324521
707,FDV25,OUT017,3659.048906331256
708,NCN07,OUT027,3470.107972162774
709,FDC57,OUT017,3297.0855992642237
710,FDQ03,OUT018,3442.728598885911
711,FDU23,OUT017,2699.8404272032863
712,NCX41,OUT035,3531.585634845401
713,NCD06,OUT035,754.391792893631
714,FDW08,OUT045,1642.9468692396767
715,NCU29,OUT017,2290.138150206618
716,NCE06,OUT013,2718.066730241892
717,FDV52,OUT010,311.9210651668061
718,FDB02,OUT017,2996.486810181762
719,NCR18,OUT045,782.4138620324522
720,FDK16,OUT049,1563.4426872115232
721,NCQ29,OUT010,825.4364814369526
722,FDZ01,OUT019,269.0436068678987
723,FDW27,OUT035,2733.3579195127218
724,FDD17,OUT018,3452.78665798325
725,FDW39,OUT013,3004.580385181659
726,DRH59,OUT045,1093.1465156663955
727,FDS52,OUT013,1584.1861258323452
728,FDU40,OUT027,5233.960743808584
729,NCF54,OUT013,2963.9838985606725
730,FDH46,OUT045,1625.7046980745163
731,NCP14,OUT049,1639.268668425948
732,FDH50,OUT049,3177.547476290442
733,DRF15,OUT010,426.2917083793377
734,FDV27,OUT027,2398.9606174754695
735,NCJ06,OUT049,1995.6802810669537
736,FDN02,OUT018,3105.0000316589135
737,FDQ51,OUT049,774.3711218091216
738,FDQ07,OUT017,3680.363144522008
739,FDS45,OUT049,1684.106803328585
740,NCJ06,OUT045,2106.803989451615
741,FDD36,OUT035,1919.3725693693605
742,FDY25,OUT045,3077.11818006713
743,FDU52,OUT046,2592.9389649413747
744,DRK47,OUT017,3736.7529606266125
745,NCL30,OUT017,2129.309209291698
746,FDN22,OUT035,3981.4909370711703
747,NCF30,OUT027,3467.1032826160313
748,FDK03,OUT035,3980.9278812020384
749,FDT45,OUT017,845.1178671326768
750,NCC54,OUT027,5886.075738823225
751,FDP08,OUT018,2989.291669992166
752,FDU44,OUT046,2675.80667898564
753,DRG39,OUT035,876.0333346339021
754,FDU32,OUT049,2136.2997769264425
755,FDY27,OUT049,3009.2168306940625
756,NCP54,OUT013,2124.4598262438553
757,NCZ41,OUT049,2132.8901934187406
758,DRL49,OUT013,2135.839121370853
759,FDI05,OUT018,965.1745575182679
760,FDY56,OUT045,3645.4417248737777
761,DRC13,OUT013,2136.491664449186
762,NCV29,OUT017,2989.2833050115782
763,FDR24,OUT049,1421.660698028019
764,FDZ34,OUT018,3014.4890660114324
765,FDP37,OUT035,2178.210588030623
766,FDX08,OUT027,4916.10752503826
767,FDS57,OUT045,2118.7463404477444
768,NCG18,OUT049,1614.8229920906033
769,FDK25,OUT018,2584.4233372688554
770,FDH53,OUT049,1275.8293032810113
771,DRI59,OUT018,3308.3320381160006
772,FDA52,OUT046,2952.8333569857846
773,FDT20,OUT010,40.80126825106299
774,FDE36,OUT019,437.3150408011454
775,FDI24,OUT017,2986.4367773730078
776,FDB28,OUT018,3135.750578419079
777,FDV11,OUT017,2993.640282543192
778,FDP01,OUT046,2599.579414242427
779,FDD34,OUT027,4359.504834645376
780,FDJ50,OUT027,1607.5577584283624
781,FDZ44,OUT013,1868.166668848301
782,DRO59,OUT035,1140.1800983688277
783,DRB48,OUT045,787.2421950675985
784,FDR21,OUT018,2703.5892678987984
785,NCE42,OUT010,809.6808934982432
786,FDO23,OUT046,1503.4690856645102
787,NCE30,OUT018,3090.772234389599
788,FDQ22,OUT035,746.6270689401545
789,FDY01,OUT045,1866.5727852895552
790,FDS08,OUT017,3017.750380002305
791,FDG28,OUT018,3443.450311494987
792,FDQ51,OUT018,706.2617191881329
793,FDB05,OUT017,3947.144330087557
794,FDO56,OUT049,1881.8187357967936
795,FDE02,OUT018,1347.9070429202452
796,FDN45,OUT017,3673.159639351824
797,FDS09,OUT013,799.6936341604339
798,NCA54,OUT018,2799.4173374081565
799,FDP09,OUT010,599.7628502894222
800,FDC53,OUT045,1588.9214995201046
801,NCM55,OUT017,3178.314464559369
802,FDL09,OUT018,2577.381593935292
803,FDA11,OUT019,197.66667600973688
804,FDA50,OUT045,1558.3199156132719
805,FDC23,OUT017,2983.8919161072995
806,FDE22,OUT049,2702.0026618028837
807,FDD23,OUT046,3141.6031270373055
808,NCA29,OUT049,2970.4324603389814
809,FDK38,OUT046,2269.2177684797375
810,DRC13,OUT046,2112.3872658786368
811,NCP43,OUT049,2978.466283933897
812,FDX28,OUT049,1598.6680875021657
813,FDF08,OUT049,1519.3973965726843
814,FDZ33,OUT046,2433.0334303729187
815,FDD10,OUT049,2979.029339803029
816,FDO58,OUT017,2700.403483072418
817,FDI50,OUT017,3834.1429794922587
818,FDO58,OUT045,2677.898263232335
819,FDX08,OUT013,3005.5514012572803
820,NCK17,OUT010,47.84301158462631
821,FDF39,OUT035,3999.8397998988457
822,FDU45,OUT010,311.9210651668061
823,NCJ18,OUT018,1621.718393224393
824,DRC27,OUT019,771.5242917461667
825,DRC25,OUT035,1473.5040426383696
826,FDU59,OUT035,2774.66401966723
827,FDU28,OUT035,3289.440818962108
828,NCP30,OUT046,775.9653002541434
829,FDB39,OUT018,775.3256944936584
830,FDE41,OUT013,1415.775192118842
831,DRH11,OUT010,76.9259262003784
832,FDA58,OUT045,3773.6691918461693
833,FDU50,OUT046,1871.0041510413284
834,FDM34,OUT013,2127.0046875095636
835,FDM44,OUT027,2652.651054999443
836,FDR39,OUT045,3138.0016560068602
837,FDM25,OUT045,2958.7188628949616
838,FDQ49,OUT049,2632.978902229855
839,DRH25,OUT018,775.3256944936584
840,FDM09,OUT027,4601.503292011794
841,FDL44,OUT019,425.91631993596843
842,NCR42,OUT018,683.088283751822
843,DRL59,OUT046,844.5952712969593
844,FDX43,OUT013,2723.4581191461702
845,DRK47,OUT010,737.4404413678826
846,FDU48,OUT018,1883.5680401910547
847,FDY12,OUT045,813.3169276366543
848,NCN43,OUT018,1886.414567829625
849,NCM55,OUT018,2878.125334490007
850,FDQ21,OUT027,3475.34119915888
851,FDX13,OUT035,3992.6362947286616
852,NCK30,OUT027,5936.739312011125
853,FDG20,OUT049,2983.3863173346426
854,DRG27,OUT017,771.4312492047045
855,FDY14,OUT018,3472.135582441279
856,FDP59,OUT035,1666.3082012437455
857,FDU60,OUT017,2834.992839404646
858,NCC18,OUT019,455.3213721806583
859,DRJ39,OUT017,3473.1629672712725
860,FDS07,OUT049,1871.7687029880394
861,FDM08,OUT027,5669.236812263894
862,FDP51,OUT045,1975.3698041588864
863,FDU16,OUT035,1318.3031702543235
864,FDH12,OUT013,1637.6484396827855
865,DRE48,OUT010,556.2784835698665
866,NCL42,OUT027,5945.544011920088
867,FDR21,OUT045,2952.0784135939093
868,NCW29,OUT035,2181.0571156691935
869,FDO11,OUT013,3915.846097752652
870,NCM31,OUT049,2153.167610679244
871,FDV35,OUT019,417.9763162036422
872,FDF58,OUT017,1067.9891106785105
873,NCE43,OUT049,2821.713652291211
874,FDA02,OUT035,2197.6581105697983
875,DRL37,OUT010,47.84301158462631
876,FDR24,OUT018,1352.2640204518589
877,FDW59,OUT049,1268.0627422416956
878,FDS22,OUT049,780.325566582532
879,FDW24,OUT017,803.0699854444783
880,FDU24,OUT035,1612.557003485888
881,FDA21,OUT027,5075.01458899206
882,FDH58,OUT027,3075.699151171826
883,FDW36,OUT018,1453.647215789344
884,FDI45,OUT027,4808.015715895743
885,FDU01,OUT018,2888.175367298761
886,FDF35,OUT027,2967.372638766312
887,FDU43,OUT019,751.342416415406
888,FDE24,OUT019,331.1167028509399
889,FDK50,OUT049,2701.439605933752
890,FDG31,OUT045,1090.6016544006875
891,FDC60,OUT045,1553.7213709727916
892,FDL36,OUT013,1505.1822737550597
893,FDP21,OUT013,3213.7525685319897
894,FDW16,OUT045,1520.5307361207051
895,FDX02,OUT017,3672.596583482692
896,FDQ58,OUT027,4221.331777699248
897,FDT51,OUT046,1773.9237723481285
898,FDD59,OUT049,1267.028330869031
899,NCM42,OUT018,1550.7126584354723
900,FDA57,OUT018,704.4823131524254
901,FDZ48,OUT035,1919.3725693693605
902,FDE46,OUT045,2442.328519789798
903,NCZ30,OUT019,315.3591582883887
904,FDB56,OUT017,3228.1716237494093
905,FDA25,OUT027,2729.8449167756617
906,FDD20,OUT013,2129.8512151481336
907,FDL25,OUT013,1512.3857789252436
908,NCO18,OUT049,2973.63795089875
909,FDJ45,OUT017,755.4286087083794
910,FDR12,OUT035,2908.6664886855415
911,NCF19,OUT010,35.40987934678469
912,FDK25,OUT046,2675.243623116508
913,NCR17,OUT046,1855.7672459796327
914,FDC52,OUT046,2442.520407312541
915,NCA54,OUT017,3107.2112666802136
916,FDR45,OUT010,800.6373187620459
917,NCM19,OUT049,1874.0521747574778
918,FDF39,OUT027,5952.073147292971
919,FDX23,OUT049,1573.7595588724735
920,FDD58,OUT027,2649.804527360873
921,FDX28,OUT013,1592.2195257238568
922,NCD31,OUT013,2690.1627111202965
923,FDU57,OUT018,2213.86294346158
924,FDI27,OUT046,780.9226848957121
925,NCM42,OUT046,1715.7010386288157
926,FDD32,OUT027,2260.344255121144
927,FDI34,OUT013,3756.370837616098
928,NCM29,OUT049,2135.7367210573107
929,FDG46,OUT018,1637.1598149374256
930,DRC01,OUT010,79.36011121253796
931,FDB15,OUT027,5955.637287914366
932,NCA17,OUT027,3972.386526660478
933,FDF10,OUT046,2440.236935543103
934,FDR26,OUT027,4829.9072734993315
935,FDI02,OUT049,1878.4091522890915
936,NCM54,OUT010,333.73262546633214
937,FDF14,OUT013,2459.4213007129065
938,FDJ33,OUT010,346.32751954079436
939,FDM20,OUT035,3964.352317814881
940,FDC03,OUT027,5203.404929855706
941,NCX05,OUT046,1852.9207183410626
942,NCM41,OUT027,2524.0017083734842
943,NCU29,OUT010,361.8516678438523
944,FDQ59,OUT017,1347.338085558787
945,FDH46,OUT010,228.79300602474905
946,FDH09,OUT013,799.1305782913018
947,NCD06,OUT045,779.567334393882
948,FDC15,OUT035,2668.2492640329833
949,DRD37,OUT027,1400.5636529352298
950,FDT28,OUT027,3974.7732260180137
951,FDR28,OUT027,4337.028775327173
952,FDT38,OUT017,1412.858014127369
953,FDV34,OUT027,1964.0577926399517
954,FDY52,OUT035,1154.469609406612
955,FDB34,OUT013,1411.4182145872282
956,DRL23,OUT018,1456.4937434279143
957,DRB24,OUT046,2595.2224367108133
958,FDJ50,OUT046,844.5952712969593
959,FDQ49,OUT035,2678.2992968417375
960,FDP20,OUT035,2181.6201715383254
961,FDV19,OUT027,4337.028775327173
962,NCR54,OUT045,3249.569285541531
963,FDO09,OUT010,825.5982432735732
964,FDS57,OUT018,1885.9237865879127
965,FDN10,OUT049,1874.6152306266097
966,FDV23,OUT049,2132.8901934187406
967,FDY28,OUT049,3467.2659795943373
968,DRG51,OUT013,2694.991044155443
969,FDD45,OUT019,190.62493267617356
970,NCL18,OUT027,5225.722827265736
971,NCM29,OUT013,2129.288159279002
972,FDF17,OUT027,5233.960743808584
973,FDE22,OUT017,2700.403483072418
974,FDQ22,OUT017,758.8381922160818
975,FDS01,OUT013,2972.017722155588
976,FDW35,OUT027,1400.5636529352298
977,FDJ33,OUT046,2110.1037941091986
978,NCF54,OUT035,3015.752854950864
979,FDE09,OUT013,1784.5110789508913
980,NCE06,OUT045,2700.4108934496517
981,DRH49,OUT049,1268.0627422416956
982,FDY43,OUT045,2829.7547185634876
983,NCT05,OUT017,3909.0223553253595
984,FDZ34,OUT045,3279.756776432564
985,FDL38,OUT017,1415.7045417659392
986,FDZ31,OUT017,3228.1716237494093
987,FDR14,OUT035,873.1868069953318
988,NCN54,OUT049,1263.234409206549
989,NCC42,OUT027,3470.107972162774
990,FDK08,OUT017,1596.2390140503721
991,FDP59,OUT013,1641.831448827469
992,FDV22,OUT035,2731.2789643946203
993,FDD33,OUT035,3892.2045508977017
994,DRE60,OUT027,5750.636021729912
995,FDK52,OUT046,3686.379336828963
996,FDA02,OUT017,2290.138150206618
997,FDM56,OUT049,1776.9133341214795
998,FDE57,OUT035,2191.0176612687465
999,FDM32,OUT045,1416.1535882749877
1000,NCQ30,OUT027,3469.9498102546013
1001,FDQ27,OUT027,2727.3000555099534
1002,FDT60,OUT027,3467.2614445242034
1003,FDU43,OUT049,3884.665462160616
1004,NCO55,OUT035,1689.4173960729765
1005,FDG02,OUT045,3188.330170700434
1006,FDJ28,OUT013,3206.5490633618056
1007,FDP40,OUT045,1882.259770433612
1008,FDJ38,OUT045,3195.5336758706176
1009,NCC54,OUT017,3861.26340384564
1010,NCZ41,OUT046,2102.3372330698826
1011,FDK38,OUT019,389.71626629615935
1012,FDU52,OUT013,2617.043363511924
1013,FDC40,OUT046,1093.9014590582706
1014,NCR30,OUT017,1088.432191991333
1015,NCN18,OUT017,1781.1225454558853
1016,FDB50,OUT035,1244.918025480457
1017,FDG04,OUT013,3164.4584652110807
1018,FDR26,OUT035,3047.705972585706
1019,NCT17,OUT018,2923.062460279302
1020,FDX35,OUT027,5728.159962411709
1021,FDS12,OUT046,2102.3372330698826
1022,NCZ29,OUT027,3467.2614445242034
1023,FDB38,OUT010,449.34774447006544
1024,FDP12,OUT013,757.311308438766
1025,FDP22,OUT046,828.3257902270436
1026,FDS26,OUT018,3472.135582441279
1027,FDR52,OUT046,3255.7156178376845
1028,DRJ13,OUT046,2668.040117946324
1029,FDU48,OUT027,3467.2614445242034
1030,FDE29,OUT035,1048.454668130739
1031,NCT29,OUT049,2132.8901934187406
1032,DRK37,OUT018,2979.533297869174
1033,FDK55,OUT046,1403.7505817232684
1034,FDR07,OUT046,1549.4139136785943
1035,FDO21,OUT027,5672.083339902464
1036,FDK46,OUT049,3906.3089897733444
1037,FDB12,OUT045,1642.3838133705449
1038,FDT31,OUT027,5117.105187142785
1039,FDJ33,OUT045,2116.5523558875075
1040,FDC26,OUT027,2983.96380663974
1041,NCQ02,OUT045,3141.411239514562
1042,FDP08,OUT010,553.5937177679168
1043,FDB11,OUT027,5681.088255681712
1044,FDV55,OUT013,2283.0052953893364
1045,FDW20,OUT049,2136.2997769264425
1046,NCJ18,OUT019,312.51263064981845
1047,FDC41,OUT018,957.971052348084
1048,FDE14,OUT027,2624.941768685135
1049,FDG35,OUT013,2883.4723490895894
1050,FDF45,OUT035,905.9388667605419
1051,FDS19,OUT027,2132.0642913461434
1052,FDS58,OUT019,433.11982510615235
1053,FDA26,OUT017,3591.1553950528437
1054,FDM32,OUT049,1417.8667763655371
1055,FDL45,OUT046,2105.746816577585
1056,FDZ55,OUT049,2732.7532085630496
1057,FDY37,OUT049,2152.337715957916
1058,FDO46,OUT046,3189.6481699614405
1059,FDQ60,OUT046,1985.192558814938
1060,FDA19,OUT018,1876.5262968574916
1061,FDL15,OUT046,2589.8310478065346
1062,FDM10,OUT018,3096.163623293877
1063,NCL05,OUT017,774.2777768432748
1064,DRK49,OUT010,47.84301158462631
1065,NCE18,OUT027,5955.651230707932
1066,FDG40,OUT049,764.1938744797844
1067,DRI59,OUT045,3593.3769399228604
1068,FDK28,OUT035,4005.037978661152
1069,NCD06,OUT019,39.11880041181212
1070,FDO11,OUT019,807.5748296992631
1071,FDK27,OUT046,1965.6082831773178
1072,FDT43,OUT027,1475.4322075402538
1073,FDD38,OUT018,1436.4050446241836
1074,FDA16,OUT049,3607.2949990728466
1075,FDL14,OUT027,4193.62249138494
1076,NCM17,OUT049,776.7869314684071
1077,FDD20,OUT045,2112.195378355894
1078,FDA40,OUT045,1423.3570934451716
1079,FDL43,OUT045,1195.3395815123167
1080,FDV15,OUT045,1609.7002204923515
1081,FDE52,OUT046,1513.5191184732644
1082,NCL17,OUT010,339.4320950266351
1083,NCJ31,OUT045,3785.6274678891805
1084,FDR60,OUT045,1197.8844427780248
1085,NCA18,OUT035,1911.6977086956435
1086,FDS21,OUT027,1964.0577926399517
1087,FDW09,OUT035,1255.531114158343
1088,FDL26,OUT035,2671.095791671554
1089,FDS47,OUT018,1247.8868726061414
1090,FDC39,OUT046,3395.317654024837
1091,FDT51,OUT035,1837.529095737856
1092,FDK40,OUT035,3993.1993505977935
1093,NCG19,OUT045,3768.277802941891
1094,FDZ07,OUT046,1069.5400206049685
1095,FDF08,OUT027,2406.7387057372835
1096,FDO04,OUT013,846.8715152566408
1097,FDK41,OUT018,1168.1216955338123
1098,FDP15,OUT049,3881.6147310048655
1099,NCD43,OUT018,1444.060611190073
1100,NCP18,OUT013,2454.5929676777596
1101,FDZ51,OUT046,1508.127729568986
1102,DRH13,OUT035,1763.131588614621
1103,FDF38,OUT045,787.371246674021
1104,NCI43,OUT045,811.2060706336558
1105,FDM38,OUT027,1604.711230789792
1106,FDS03,OUT013,1083.0197530743578
1107,DRJ47,OUT017,2973.661614643662
1108,FDT50,OUT010,208.64274895918152
1109,FDV02,OUT046,2941.8613053866998
1110,NCG18,OUT017,1640.516017334052
1111,FDW52,OUT046,2678.65320662421
1112,FDS40,OUT035,746.6270689401545
1113,FDN31,OUT017,3220.9681185792256
1114,FDA37,OUT045,2115.9893000183756
1115,FDA15,OUT046,3858.0856756585777
1116,FDL39,OUT046,2985.240924349213
1117,FDJ53,OUT045,2109.3488507173233
1118,FDX22,OUT013,3454.097247214356
1119,NCZ42,OUT045,3799.7110535508414
1120,FDD56,OUT027,4809.8179135386645
1121,FDD40,OUT017,3299.3690710336614
1122,FDS50,OUT013,3598.619550836288
1123,NCN14,OUT013,3163.895409341949
1124,FDT15,OUT013,3096.586133125276
1125,NCS18,OUT027,2874.2767198407983
1126,NCO26,OUT010,299.3261710923439
1127,FDF58,OUT018,932.1365821309832
1128,NCB19,OUT013,1414.0602255744614
1129,FDH26,OUT017,2150.73853722745
1130,DRB24,OUT027,4216.098550703143
1131,FDA49,OUT018,1247.8868726061414
1132,FDB32,OUT045,1561.7294991209737
1133,FDI36,OUT017,3299.3690710336614
1134,NCA17,OUT010,395.1851308332846
1135,FDH22,OUT013,2137.8846150396453
1136,NCM26,OUT018,2376.453243831985
1137,FDT15,OUT027,4972.792521290896
1138,FDB16,OUT018,1250.733400244712
1139,NCP54,OUT027,3469.9498102546013
1140,FDJ36,OUT013,1617.5597408790545
1141,FDO28,OUT045,1985.0006712921947
1142,FDU09,OUT013,851.2284927882545
1143,FDF29,OUT017,2134.700598195977
1144,FDY08,OUT013,2143.605682410169
1145,DRJ59,OUT018,695.5214159896636
1146,FDT23,OUT027,2252.264500486468
1147,FDU15,OUT018,690.2590786918079
1148,FDT47,OUT013,1600.2347930940555
1149,FDI53,OUT019,433.11982510615235
1150,FDR59,OUT018,3479.3390876114627
1151,FDD53,OUT035,762.6297094364795
1152,FDY51,OUT017,3578.5605009783812
1153,FDT04,OUT049,777.3499873375392
1154,FDU51,OUT049,2977.4318725612325
1155,FDG14,OUT035,2515.5472346347115
1156,NCU06,OUT045,3768.277802941891
1157,DRG25,OUT046,3139.7910107713997
1158,DRH49,OUT035,1389.9006813695216
1159,FDN15,OUT035,2175.665726764915
1160,FDL43,OUT018,962.4679344159392
1161,NCT18,OUT049,3093.5477179639624
1162,NCB31,OUT013,3896.913073615611
1163,FDK57,OUT035,2032.3215237018858
1164,FDY04,OUT019,430.2732974675821
1165,NCP54,OUT046,2100.355427673306
1166,FDF41,OUT013,3861.4466969718806
1167,FDM01,OUT045,1625.1416422053844
1168,FDW03,OUT045,1683.6426756348094
1169,FDF28,OUT045,2119.3988835260775
1170,FDY37,OUT017,2150.73853722745
1171,FDQ03,OUT017,3809.839671891173
1172,FDP51,OUT027,3232.9282758788145
1173,FDJ40,OUT017,1793.7174395303477
1174,FDC32,OUT049,1512.1938914025004
1175,DRI49,OUT027,2274.7405598046707
1176,NCW54,OUT017,839.7264782283985
1177,FDF09,OUT017,769.7181197461637
1178,FDP45,OUT018,3491.2092629747067
1179,DRJ23,OUT018,2880.971862128577
1180,FDS59,OUT017,1796.0009112997861
1181,FDY08,OUT046,2110.1037941091986
1182,FDX16,OUT049,2289.4538571676453
1183,FDY16,OUT018,2878.2870963266278
1184,FDK32,OUT035,2678.8623527108693
1185,FDQ22,OUT013,773.7479531978006
1186,NCC31,OUT018,2364.0201115941436
1187,FDG58,OUT049,2630.6954304604164
1188,DRF48,OUT013,3233.890026614269
1189,DRH36,OUT049,1097.7062313955153
1190,NCR30,OUT035,1135.3517653336814
1191,FDB03,OUT019,778.7277969163506
1192,FDZ28,OUT027,3450.018612202107
1193,FDR35,OUT017,3331.9377939340293
1194,DRD15,OUT027,5847.1018885577405
1195,FDJ33,OUT019,338.0121273650991
1196,FDA56,OUT010,323.3806492597364
1197,FDP56,OUT046,781.3566891584217
1198,NCT30,OUT046,773.1187726155731
1199,FDK15,OUT017,1580.2345364682078
1200,FDH44,OUT018,2042.5769375460186
1201,FDV01,OUT013,2623.6838128129757
1202,DRG03,OUT017,2461.424156122179
1203,FDG50,OUT027,2524.0017083734842
1204,FDR16,OUT010,605.8448833866669
1205,FDZ60,OUT046,1706.80291649531
1206,DRG03,OUT045,2598.8244708505517
1207,FDS56,OUT018,3521.959809734872
1208,FDU33,OUT045,785.0877749045828
1209,DRD27,OUT035,1635.3920263534048
1210,FDW22,OUT046,3632.2729924937967
1211,DRA24,OUT045,2684.538712533387
1212,FDF38,OUT049,779.7625107133999
1213,FDX48,OUT013,2626.530340451546
1214,FDS58,OUT018,2452.279214542687
1215,FDC32,OUT046,1504.032141533642
1216,NCQ29,OUT045,3855.189016980322
1217,DRK39,OUT018,1175.1634388673756
1218,NCS38,OUT017,1864.778135353295
1219,DRO47,OUT013,1864.7570853405987
1220,DRG27,OUT027,1397.7171252966596
1221,FDC57,OUT027,5208.638156851812
1222,FDS55,OUT046,2258.9008968187873
1223,NCJ06,OUT018,1738.7533286365729
1224,FDO01,OUT019,347.9003983372327
1225,NCM55,OUT045,3143.3930449111385
1226,FDC52,OUT049,2473.073367661399
1227,FDQ15,OUT045,1265.3151427784815
1228,NCT30,OUT027,1397.558963388487
1229,NCR42,OUT027,1384.4028505307324
1230,FDD28,OUT035,943.9074139408467
1231,FDQ34,OUT049,1644.6600573302262
1232,FDZ12,OUT027,3489.007934861606
1233,DRE13,OUT019,189.91113807807415
1234,NCN07,OUT019,337.8503655284785
1235,FDM28,OUT035,3081.2396516873982
1236,FDI10,OUT017,2978.5816480444073
1237,FDQ25,OUT013,2856.89753229535
1238,FDA38,OUT010,809.181777091814
1239,DRI13,OUT049,3462.3459461935918
1240,FDY20,OUT027,2503.912348412817
1241,NCZ53,OUT035,3239.583659772067
1242,NCM31,OUT013,2146.719048900935
1243,DRB01,OUT017,3220.4050627100937
1244,DRF37,OUT046,3839.173756961771
1245,NCF42,OUT049,2970.79142326018
1246,FDF16,OUT018,2206.659438291396
1247,FDB41,OUT013,771.0304771656529
1248,FDR34,OUT013,3720.5337682082663
1249,FDR15,OUT018,2378.2653600978906
1250,NCV42,OUT019,288.51593409773886
1251,FDW51,OUT035,3561.3017702329016
1252,FDU36,OUT017,1572.1603801420074
1253,FDX60,OUT049,1265.216214603125
1254,FDY03,OUT035,1918.3381579966956
1255,FDW55,OUT045,3881.867496716445
1256,FDT01,OUT010,606.8045936229855
1257,FDG58,OUT013,2624.2468686821076
1258,FDK21,OUT017,3909.585411194492
1259,NCS41,OUT019,498.23991198552153
1260,FDS10,OUT045,3077.681235936262
1261,NCT53,OUT046,2727.3574831747665
1262,FDJ28,OUT018,2916.020716945739
1263,FDX44,OUT045,1416.1535882749877
1264,FDT20,OUT018,704.4823131524254
1265,FDO44,OUT017,1786.5139343601638
1266,NCX17,OUT049,3706.853045215682
1267,FDY01,OUT017,1876.8099735586256
1268,FDJ12,OUT027,5423.453099015177
1269,DRK35,OUT018,692.6748883510934
1270,FDD47,OUT019,431.9236518968671
1271,NCM53,OUT035,1689.4173960729765
1272,FDO45,OUT013,1418.6217197574122
1273,NCM42,OUT010,292.66527552493017
1274,FDE04,OUT046,2955.679884624355
1275,NCI30,OUT027,5926.632093223281
1276,FDZ19,OUT013,3000.484797146315
1277,FDW57,OUT013,2976.9377555563337
1278,FDA25,OUT013,1620.406268517625
1279,FDT22,OUT046,909.6228229653336
1280,FDP51,OUT013,1866.5692016065043
1281,FDD48,OUT027,3070.4659241757204
1282,FDY39,OUT035,3228.7452211452664
1283,FDO48,OUT010,700.3457226264652
1284,FDD23,OUT027,5064.389973091676
1285,DRN35,OUT027,1381.7144848003345
1286,FDT01,OUT035,3535.9426123770145
1287,FDC20,OUT010,81.78796442995372
1288,DRJ35,OUT035,1143.026626007398
1289,FDB32,OUT046,1506.878669172212
1290,FDL24,OUT046,2951.911338195454
1291,NCV42,OUT035,1925.4241638642957
1292,FDZ46,OUT046,1768.7515842526213
1293,FDC15,OUT013,2616.480307642792
1294,FDD08,OUT019,43.25895222638928
1295,FDY50,OUT049,1428.183648026487
1296,FDD36,OUT013,1982.8360390811326
1297,FDG57,OUT027,1472.5856799016835
1298,FDL21,OUT018,704.6113647588479
1299,FDN16,OUT027,2627.3284680426705
1300,FDJ09,OUT027,1402.9503522927655
1301,FDS01,OUT010,498.8716795247128
1302,FDV33,OUT017,3916.7889163646755
1303,DRE12,OUT017,1965.539459922206
1304,FDR07,OUT013,1551.1271017691438
1305,FDP48,OUT010,541.2662703081326
1306,NCB55,OUT035,935.6694973979982
1307,FDQ08,OUT013,1028.7798256930998
1308,FDR34,OUT035,3918.3199747646927
1309,FDO33,OUT046,1853.4837742101945
1310,FDP13,OUT045,784.5247190354507
1311,FDX12,OUT049,3903.0143249882913
1312,NCT06,OUT049,2696.6112728986054
1313,FDR16,OUT019,584.747726190303
1314,FDE36,OUT046,2727.3574831747665
1315,FDZ36,OUT049,3205.451495412037
1316,FDV13,OUT045,1422.7940375760397
1317,NCZ17,OUT035,743.2174854324521
1318,FDU56,OUT045,3077.681235936262
1319,FDM09,OUT035,2906.3830169161033
1320,FDV02,OUT017,2970.8150870050918
1321,FDS34,OUT018,1627.1097821286712
1322,FDA11,OUT049,1562.8796313423913
1323,FDP09,OUT017,3473.726023140405
1324,FDB29,OUT027,3050.3765642150533
1325,FDT19,OUT017,2981.428175682978
1326,DRH15,OUT017,771.4312492047045
1327,FDY38,OUT046,3764.2943811286696
1328,FDF14,OUT027,3972.386526660478
1329,FDN48,OUT010,200.29677807680628
1330,FDQ12,OUT013,3800.107193225842
1331,NCJ43,OUT045,2977.0786085285977
1332,FDE17,OUT019,387.0315004942097
1333,FDB05,OUT035,4030.7582694908588
1334,FDH10,OUT045,3164.6031851139046
1335,NCR06,OUT017,769.4494438081285
1336,FDU32,OUT018,1879.3728244960619
1337,FDD56,OUT049,2980.1808267748734
1338,FDO36,OUT018,2809.003942007428
1339,FDH16,OUT010,193.25503474324296
1340,FDX10,OUT018,696.6421241540345
1341,FDZ37,OUT017,1422.9080469361234
1342,FDU31,OUT010,609.8128830981764
1343,DRC49,OUT049,2142.2876831491617
1344,FDL15,OUT045,2436.3740750163875
1345,FDN32,OUT019,504.80239253508216
1346,DRH59,OUT027,1978.4540973234782
1347,NCU29,OUT049,2291.7373289370835
1348,FDR37,OUT019,508.2899447942757
1349,FDS14,OUT018,2426.0233278771657
1350,FDU02,OUT027,5750.636021729912
1351,FDJ08,OUT035,3348.3047616681674
1352,NCZ06,OUT045,3831.620869950107
1353,FDO31,OUT049,1275.8293032810113
1354,FDH31,OUT018,1425.3134277557344
1355,FDS58,OUT017,2707.606988242602
1356,NCA53,OUT027,1470.1989805441478
1357,FDF50,OUT046,3337.47195185712
1358,NCW42,OUT049,3656.9512293698644
1359,NCQ17,OUT045,2598.8244708505517
1360,FDK51,OUT018,3491.047501138086
1361,NCW41,OUT010,446.09280973126715
1362,NCR29,OUT017,844.5548112635447
1363,FDB08,OUT019,423.0697922973982
1364,FDA40,OUT027,2406.7387057372835
1365,FDL14,OUT018,2436.07336068592
1366,FDB47,OUT046,3395.8807098939687
1367,FDO03,OUT035,3820.337525208178
1368,DRK13,OUT019,528.6797511273132
1369,FDX13,OUT010,825.4364814369526
1370,FDF52,OUT046,3068.3861465193827
1371,FDT11,OUT013,3243.940059423023
1372,FDB08,OUT013,2726.3046467847407
1373,FDQ28,OUT018,2376.615005668606
1374,FDD29,OUT045,3874.663991546261
1375,NCQ29,OUT027,5955.637287914366
1376,NCO02,OUT013,1088.4111419786361
1377,FDR56,OUT010,553.5937177679168
1378,NCM54,OUT049,2128.0618603835937
1379,FDP51,OUT035,1918.3381579966956
1380,FDT38,OUT013,1335.28519734076
1381,FDZ20,OUT018,3484.0057578045225
1382,FDJ53,OUT013,1991.7765805543531
1383,FDX13,OUT049,3924.65785260102
1384,FDP58,OUT035,3642.9376133259198
1385,NCK31,OUT019,92.538628828544
1386,FDA35,OUT018,1890.7715453612386
1387,FDV37,OUT018,3112.203536829097
1388,NCO07,OUT027,5445.92915833338
1389,FDA20,OUT045,3143.9561007802704
1390,FDZ59,OUT035,2781.867524837414
1391,NCY17,OUT017,771.4312492047045
1392,FDQ28,OUT035,2676.0158250722993
1393,FDV35,OUT017,2621.329690690635
1394,FDQ36,OUT013,754.4647808001957
1395,FDD34,OUT018,2445.075709372503
1396,FDK51,OUT045,3874.100935677129
1397,FDV31,OUT035,3045.4225008162675
1398,FDR04,OUT035,1608.7630818234059
1399,FDR14,OUT049,849.9104935272474
1400,DRC36,OUT010,503.2286570563265
1401,FDE39,OUT019,324.94576288766007
1402,FDP57,OUT049,1644.6600573302262
1403,FDE57,OUT046,2115.144306308006
1404,NCN18,OUT046,1764.4367954085062
1405,NCQ05,OUT018,2216.547709263529
1406,FDW47,OUT035,2045.8290087139828
1407,FDV46,OUT035,2181.6201715383254
1408,NCP29,OUT045,1093.1465156663955
1409,FDE09,OUT018,1546.3007198698322
1410,NCU06,OUT027,5789.161456868142
1411,FDT19,OUT010,492.9814231629939
1412,DRF15,OUT017,2464.2706837607493
1413,DRI51,OUT013,2849.694027125166
1414,NCX54,OUT013,1635.666634286209
1415,DRE01,OUT013,3860.8836411027487
1416,NCB07,OUT045,3249.569285541531
1417,FDU50,OUT035,1934.609474431056
1418,FDG40,OUT035,746.6270689401545
1419,FDW10,OUT018,2730.5455634514174
1420,FDX51,OUT013,3276.7120992733935
1421,NCP17,OUT045,1095.9930433049658
1422,FDP21,OUT035,3240.146715641199
1423,FDL04,OUT045,1642.9468692396767
1424,FDV23,OUT013,2126.4416316404318
1425,FDF24,OUT046,1267.1044975430211
1426,FDH56,OUT027,3050.3765642150533
1427,FDB51,OUT049,1072.781737073081
1428,FDI58,OUT027,2552.31461658327
1429,FDR20,OUT013,773.8770048042231
1430,FDC51,OUT018,1893.6180729998089
1431,FDB16,OUT027,2426.8280656979505
1432,FDE40,OUT049,1031.8188039637064
1433,NCM17,OUT035,759.2201259287772
1434,FDU56,OUT035,3240.146715641199
1435,FDS32,OUT019,331.2784646875605
1436,FDX02,OUT049,3661.779562405011
1437,FDT39,OUT027,4210.707161798864
1438,FDE35,OUT017,871.3524262553444
1439,NCI42,OUT019,572.1528321158407
1440,DRL23,OUT046,1638.7817792308063
1441,FDA10,OUT046,2102.9002889390144
1442,FDA11,OUT013,1556.4310695640825
1443,NCM06,OUT046,2587.5475760370964
1444,NCT05,OUT035,3992.6362947286616
1445,NCQ02,OUT010,524.4761605386773
1446,NCY06,OUT049,2128.0618603835937
1447,FDY56,OUT035,3738.785812096136
1448,FDL02,OUT035,1696.6209012431605
1449,NCI06,OUT035,3042.8776395505597
1450,FDQ14,OUT045,2438.9189362820957
1451,FDQ12,OUT017,3760.102741368144
1452,FDP36,OUT046,806.8683658583454
1453,FDK21,OUT027,5979.782433607279
1454,FDO40,OUT045,2268.1959862356666
1455,NCK54,OUT019,299.54259666384473
1456,FDY09,OUT018,2706.435795537369
1457,NCW30,OUT049,3957.5605431606773
1458,NCC55,OUT027,1384.4028505307324
1459,FDE58,OUT018,1627.1097821286712
1460,FDR39,OUT013,3155.6574927991
1461,FDU28,OUT049,3175.2640045210032
1462,FDH08,OUT017,3760.665797237276
1463,FDG35,OUT045,2865.816512297349
1464,FDG22,OUT049,764.322926086207
1465,FDC34,OUT035,2728.4324367560503
1466,FDP15,OUT018,3448.004379541932
1467,FDK34,OUT010,781.7254000652388
1468,FDU45,OUT035,1927.1391304086762
1469,FDQ04,OUT027,1402.9503522927655
1470,FDX22,OUT018,3106.213656102632
1471,FDB45,OUT017,1642.8869102128301
1472,NCH43,OUT027,5442.924468786637
1473,DRE60,OUT046,3621.65990381591
1474,FDD17,OUT027,5871.247034250653
1475,NCM54,OUT017,2126.462681653128
1476,NCH55,OUT013,2124.4598262438553
1477,NCT06,OUT017,2695.0120941681394
1478,FDA48,OUT027,5624.236434354505
1479,FDY58,OUT027,5779.219029467549
1480,FDO25,OUT045,3466.1455667446376
1481,FDN50,OUT045,1568.369948422026
1482,FDH35,OUT035,2738.522084002786
1483,FDK09,OUT045,3702.3945968475145
1484,FDO16,OUT013,1298.7774546923072
1485,FDW11,OUT045,1095.9930433049658
1486,FDU47,OUT027,3469.3784031819737
1487,NCQ42,OUT010,333.73262546633214
1488,FDK55,OUT027,2421.436676793672
1489,FDN08,OUT049,1878.9722081582233
1490,FDT57,OUT045,3792.5811105429766
1491,FDJ12,OUT018,3115.0500644676677
1492,DRL59,OUT017,847.401338902115
1493,NCN53,OUT046,773.4906620857539
1494,FDO51,OUT010,42.58067428677032
1495,FDK56,OUT017,3220.9681185792256
1496,FDY12,OUT035,880.3903121655158
1497,FDU15,OUT035,740.8016757731666
1498,FDQ19,OUT046,3837.0052039149814
1499,DRF15,OUT045,2601.670998489122
1500,DRE25,OUT019,197.66667600973688
1501,FDK57,OUT018,1742.3422082306352
1502,FDD33,OUT010,769.2040681530955
1503,FDR34,OUT027,5756.742970149346
1504,FDU04,OUT045,2112.195378355894
1505,FDE35,OUT019,121.36743588922127
1506,NCD31,OUT035,2741.9316675104883
1507,FDJ56,OUT035,1633.1085545839665
1508,NCU53,OUT046,2727.3574831747665
1509,FDD39,OUT035,3528.7391072068303
1510,NCU17,OUT019,258.9935740591445
1511,FDJ20,OUT046,2110.1037941091986
1512,NCW41,OUT018,2428.869855515736
1513,FDL52,OUT035,773.6386885729839
1514,FDS39,OUT035,2185.0632164953363
1515,DRJ47,OUT045,2951.1563948035787
1516,FDP13,OUT010,47.97206319104862
1517,DRK39,OUT010,174.10985857887454
1518,FDF28,OUT010,346.32751954079436
1519,FDB09,OUT045,2109.3488507173233
1520,FDM51,OUT046,1583.7219981385697
1521,DRM49,OUT018,719.6865079839229
1522,DRF23,OUT013,3156.212418748564
1523,DRH01,OUT035,3017.7346603474402
1524,FDH12,OUT027,2871.5883541104004
1525,FDA28,OUT019,338.0121273650991
1526,FDW37,OUT018,1345.060515281675
1527,FDF02,OUT046,1635.935251592236
1528,DRL37,OUT046,777.9471056507193
1529,NCF43,OUT046,2106.906389765157
1530,FDH08,OUT010,721.279253895972
1531,FDR34,OUT019,737.6633371599603
1532,NCK19,OUT049,3278.502017147226
1533,NCD55,OUT018,699.0909242481471
1534,FDT27,OUT049,3799.022650813492
1535,FDQ57,OUT045,2268.1959862356666
1536,FDA47,OUT035,2751.1169780772484
1537,DRG15,OUT027,1978.4540973234782
1538,FDE05,OUT018,2042.5769375460186
1539,FDN46,OUT046,1579.6264101032257
1540,FDX27,OUT027,2498.6791214167115
1541,FDT51,OUT045,1780.3723341264372
1542,FDU33,OUT013,771.0304771656529
1543,FDJ16,OUT027,1860.6258728802618
1544,FDD20,OUT019,333.65514983348544
1545,FDT36,OUT049,760.7842909720821
1546,DRF15,OUT027,3972.386526660478
1547,FDN52,OUT010,189.8564743431939
1548,FDC22,OUT027,5091.782600186012
1549,FDX15,OUT045,2669.0972908203544
1550,FDT13,OUT013,3163.895409341949
1551,FDU04,OUT017,2134.700598195977
1552,FDU31,OUT019,584.747726190303
1553,FDW59,OUT027,2426.8280656979505
1554,NCO29,OUT046,2670.8866455848943
1555,FDL15,OUT035,2505.798868198819
1556,FDI41,OUT049,2296.657362337829
1557,FDQ48,OUT049,1570.0831365125755
1558,DRI39,OUT013,843.4619317489385
1559,FDI08,OUT013,3897.497234924977
1560,FDC21,OUT049,1798.1631458993838
1561,FDF58,OUT035,1143.58968187653
1562,FDS08,OUT010,487.86193647964
1563,FDE47,OUT045,2106.240933582483
1564,NCP18,OUT019,374.4366064197475
1565,NCR41,OUT013,1556.4310695640825
1566,FDA27,OUT013,3915.846097752652
1567,FDA43,OUT035,3348.3047616681674
1568,FDA49,OUT045,1412.7440047672853
1569,NCE55,OUT018,2701.04440663309
1570,DRM49,OUT027,1414.6703751214482
1571,FDF22,OUT027,5448.315857690915
1572,FDQ15,OUT018,1100.458010617337
1573,NCS54,OUT017,2984.4549719764314
1574,NCY05,OUT013,754.3357291937732
1575,FDR45,OUT046,3789.087182436568
1576,FDK57,OUT049,2133.4532492878725
1577,FDF41,OUT010,818.3947381033893
1578,FDV21,OUT046,2105.746816577585
1579,FDD51,OUT046,777.9471056507193
1580,FDF33,OUT046,1772.111656082223
1581,FDA38,OUT046,3832.4736322451654
1582,FDR56,OUT045,3262.164179615993
1583,NCN41,OUT017,2131.2910146882746
1584,FDC60,OUT027,2401.5054787411777
1585,FDB47,OUT045,3411.8959699125203
1586,DRH01,OUT013,2969.1711945170177
1587,FDW08,OUT046,1636.4983074613679
1588,FDF38,OUT027,1417.5169027600182
1589,FDY32,OUT017,2697.5569554338476
1590,FDG34,OUT049,1786.9633669302336
1591,FDG47,OUT019,776.2401216297321
1592,NCF18,OUT035,3273.9993972490756
1593,FDL39,OUT019,505.44341715570545
1594,NCH55,OUT035,2176.2287826340466
1595,DRJ35,OUT049,1027.4618264320927
1596,FDS44,OUT035,3911.929387980029
1597,DRE01,OUT018,3443.2885496583667
1598,FDY39,OUT013,3222.178363197727
1599,FDY32,OUT018,2442.229181733933
1600,FDR33,OUT027,2992.043561274417
1601,NCP50,OUT049,1268.0627422416956
1602,FDZ47,OUT018,1400.6662886223116
1603,FDU57,OUT049,2470.7898958919604
1604,FDY44,OUT013,3282.6665440468037
1605,DRH59,OUT018,965.0127956816473
1606,FDB03,OUT027,5904.314195813251
1607,FDY46,OUT045,3146.802628418841
1608,FDM39,OUT045,2982.2659044849433
1609,FDY36,OUT035,1143.026626007398
1610,NCM55,OUT035,3236.7371321334967
1611,FDJ50,OUT010,88.82970776351704
1612,DRL60,OUT013,2459.4213007129065
1613,NCJ54,OUT049,3792.38220151244
1614,FDX59,OUT017,755.4286087083794
1615,FDI07,OUT013,3424.080696499862
1616,DRF51,OUT010,47.84301158462631
1617,FDM14,OUT017,1788.7974061296022
1618,FDP21,OUT045,3154.0061335890246
1619,FDE40,OUT035,1147.3836035390116
1620,FDE05,OUT035,2344.824284588282
1621,FDM13,OUT027,3467.2614445242034
1622,FDC34,OUT027,4291.06403126819
1623,NCI55,OUT018,1873.9814355917833
1624,NCE43,OUT018,2564.7866998608297
1625,FDW58,OUT018,1483.8385079214893
1626,FDG60,OUT045,3773.1061359770374
1627,FDV31,OUT017,2986.9998332421396
1628,FDR47,OUT013,3272.0534553689176
1629,FDM60,OUT019,51.680984256076044
1630,NCF06,OUT018,3490.6251016653414
1631,NCN26,OUT027,3070.307762267548
1632,FDQ59,OUT049,1421.660698028019
1633,FDF09,OUT046,776.2339761921785
1634,NCS06,OUT017,3885.454208295145
1635,FDT44,OUT046,1853.4837742101945
1636,FDI19,OUT017,3855.8720149413616
1637,FDT22,OUT017,1019.8226723989519
1638,NCF54,OUT027,4621.434490064288
1639,DRG25,OUT045,3146.239572549709
1640,FDB59,OUT017,3308.1067015335984
1641,FDQ37,OUT017,3289.3190382249077
1642,FDP56,OUT035,762.6297094364795
1643,FDW44,OUT035,3028.3477490253263
1644,FDJ26,OUT010,614.0080987931694
1645,FDU43,OUT018,3441.0782444566266
1646,FDW33,OUT045,1642.9468692396767
1647,NCX53,OUT027,3491.854462500176
1648,FDN56,OUT010,353.7180956375237
1649,DRF15,OUT049,2465.869862491215
1650,FDO33,OUT017,1870.1695242575736
1651,FDZ39,OUT010,266.2823200306898
1652,NCJ19,OUT017,844.5548112635447
1653,FDU01,OUT035,3246.787164942251
1654,FDT12,OUT035,3768.9733029871695
1655,NCM18,OUT018,923.8986655881347
1656,FDP19,OUT017,2131.8540705574064
1657,NCR42,OUT049,758.8024855755061
1658,FDN10,OUT046,1856.3303018487645
1659,FDG44,OUT017,855.9977946627587
1660,FDQ10,OUT046,2945.2708888944017
1661,DRH13,OUT049,1646.9435290996646
1662,FDT52,OUT013,3887.5621208388716
1663,FDM56,OUT045,1776.2767460910934
1664,NCO43,OUT010,223.1824377837495
1665,NCV29,OUT035,3047.705972585706
1666,NCF06,OUT013,3915.8249923124185
1667,FDO50,OUT035,1556.951230145251
1668,FDT59,OUT013,3767.516195273589
1669,FDX40,OUT027,1386.9477117964404
1670,FDE50,OUT017,3188.364497368123
1671,FDX51,OUT017,3293.9776821293835
1672,NCD30,OUT018,1383.8761788528564
1673,FDK15,OUT013,1575.3851534203648
1674,FDL12,OUT045,1030.105615873157
1675,FDK46,OUT017,3890.6734924976845
1676,DRH49,OUT010,176.9563862174448
1677,FDQ57,OUT046,2261.7474244573577
1678,FDY59,OUT017,1512.8781844414727
1679,FDO09,OUT018,3472.2973442778994
1680,NCG30,OUT035,2173.3822549954766
1681,FDM09,OUT017,2832.7093676352074
1682,NCN17,OUT027,2644.571300364767
1683,NCS42,OUT013,1500.353940719913
1684,FDD02,OUT019,309.1292012631161
1685,FDE34,OUT013,3092.490545089932
1686,FDU38,OUT045,3254.397618576677
1687,FDB33,OUT046,2648.2021042636957
1688,NCJ29,OUT017,1415.7045417659392
1689,FDZ27,OUT035,762.0666535673474
1690,FDI40,OUT013,1588.543103363959
1691,FDG22,OUT013,757.8743643078981
1692,FDT51,OUT017,1790.6095223955076
1693,FDF20,OUT018,3009.641792834006
1694,FDV50,OUT035,2178.210588030623
1695,FDT02,OUT049,763.6308186106523
1696,DRC49,OUT017,2140.6885044186956
1697,FDF26,OUT049,2473.073367661399
1698,FDV52,OUT035,1927.1391304086762
1699,FDX59,OUT049,760.7842909720821
1700,FDV25,OUT035,3717.471573905384
1701,FDW23,OUT027,1397.7171252966596
1702,FDE53,OUT018,1483.8385079214893
1703,FDA19,OUT017,2131.8540705574064
1704,FDH22,OUT046,2113.7802164690966
1705,NCO41,OUT013,1556.4310695640825
1706,FDX12,OUT017,3887.378827712631
1707,FDF17,OUT013,3331.933876466492
1708,FDS11,OUT045,3597.733917454474
1709,FDR51,OUT035,2510.1558457304327
1710,FDT49,OUT010,261.6236761262139
1711,FDC56,OUT013,1991.7765805543531
1712,FDR13,OUT027,3047.9898648575177
1713,FDQ60,OUT035,2061.0659137756784
1714,FDN38,OUT049,3943.6999858345616
1715,NCL29,OUT013,2668.896919326543
1716,FDO13,OUT027,4351.4250800107
1717,FDE26,OUT018,1892.965529921476
1718,FDA31,OUT010,485.77791799281
1719,FDX14,OUT035,1140.1800983688277
1720,FDA34,OUT045,2948.9704964590696
1721,FDF26,OUT013,2626.530340451546
1722,FDE38,OUT045,2708.0857541233686
1723,DRI11,OUT046,1855.7672459796327
1724,FDQ60,OUT027,3045.1433372189476
1725,FDL21,OUT027,1422.7501297561244
1726,DRC12,OUT027,5228.727516812479
1727,FDC47,OUT046,3706.882589931924
1728,FDE57,OUT045,2112.195378355894
1729,FDT14,OUT045,1980.761193063165
1730,NCZ53,OUT046,3181.8816089221245
1731,FDE28,OUT018,3441.0782444566266
1732,FDR19,OUT035,2195.37463880036
1733,NCF54,OUT019,455.3213721806583
1734,FDZ08,OUT046,1264.8210257735827
1735,NCJ05,OUT018,2376.453243831985
1736,FDF59,OUT046,2096.9458441656043
1737,NCO05,OUT035,1635.3920263534048
1738,FDW24,OUT018,740.3162650871923
1739,NCX42,OUT018,2470.43486722839
1740,NCA53,OUT035,831.7019811762655
1741,FDI45,OUT019,463.91825164470583
1742,FDG46,OUT046,1863.5338070189487
1743,FDM20,OUT010,789.5477053204768
1744,FDW11,OUT010,131.72281787963493
1745,FDX08,OUT035,3048.269028454838
1746,NCK17,OUT035,762.0666535673474
1747,FDK32,OUT018,2216.70947110015
1748,NCA42,OUT035,2741.9316675104883
1749,DRI01,OUT035,2901.4629835153573
1750,NCL55,OUT049,3924.65785260102
1751,DRE25,OUT018,1393.4627834521277
1752,FDD14,OUT017,3109.19307207679
1753,FDB10,OUT046,3757.6539318276177
1754,DRN11,OUT035,2334.211195910396
1755,FDP38,OUT018,761.3396851931809
1756,NCA30,OUT017,3215.5767296749473
1757,FDT15,OUT017,3175.7696032936606
1758,NCP55,OUT018,797.4646655809822
1759,FDF12,OUT035,2508.3437294645273
1760,FDM21,OUT018,3465.0938391077157
1761,FDX56,OUT035,3512.443562305062
1762,FDF10,OUT017,2295.0581836073634
1763,FDT32,OUT045,3193.2502041011794
1764,FDM51,OUT018,1425.3134277557344
1765,NCR50,OUT018,2364.0201115941436
1766,FDI19,OUT049,3871.507512217022
1767,FDX21,OUT017,1713.9285435028341
1768,FDR31,OUT035,2355.704212118364
1769,FDY02,OUT013,3896.9341790558447
1770,NCA29,OUT045,2827.2098572977793
1771,NCX17,OUT046,3666.733386626581
1772,FDM12,OUT045,3192.6871482320475
1773,FDI53,OUT027,4334.182247688603
1774,NCU30,OUT049,2753.082110488478
1775,FDC56,OUT027,3472.4946715203096
1776,FDK27,OUT018,1881.0231789253464
1777,NCK18,OUT017,2695.0120941681394
1778,FDB52,OUT019,800.3713245290792
1779,DRG25,OUT027,5111.87196014668
1780,FDZ13,OUT049,835.9244842267699
1781,FDB57,OUT019,715.3835739352
1782,FDR40,OUT046,1267.667553412153
1783,NCO14,OUT019,39.11880041181212
1784,NCN19,OUT045,3188.330170700434
1785,FDQ28,OUT019,418.1380780402628
1786,FDO13,OUT018,2449.270925067496
1787,FDK48,OUT013,1091.2576696172064
1788,FDU07,OUT018,2206.659438291396
1789,FDW20,OUT046,2105.746816577585
1790,FDV12,OUT010,208.64274895918152
1791,FDH24,OUT013,2694.991044155443
1792,FDV59,OUT049,3462.3459461935918
1793,FDK57,OUT045,1974.1207437621129
1794,FDL16,OUT027,1402.9503522927655
1795,NCQ17,OUT046,2592.375909072243
1796,FDJ15,OUT018,2888.175367298761
1797,FDX24,OUT049,1514.4773631719386
1798,FDT47,OUT046,1598.521605003506
1799,FDT10,OUT049,1032.3818598328385
1800,FDZ37,OUT018,1257.9369054148958
1801,FDW43,OUT027,5790.988705151023
1802,DRN36,OUT017,1558.4339249733553
1803,FDJ14,OUT045,1270.7065316827598
1804,FDA32,OUT013,3446.893742044172
1805,FDJ38,OUT019,525.6432405397052
1806,FDQ57,OUT017,2290.7012060757497
1807,NCQ41,OUT019,531.213326661993
1808,FDG56,OUT049,1032.3818598328385
1809,DRC13,OUT027,3447.631912844571
1810,FDV55,OUT035,2188.171133630176
1811,FDQ49,OUT045,2661.291115343057
1812,FDE29,OUT010,108.80465522472468
1813,FDR03,OUT013,3424.080696499862
1814,FDD45,OUT049,1515.0404190410704
1815,FDN38,OUT010,831.5185145341973
1816,FDT56,OUT046,916.8263281355175
1817,FDT48,OUT045,3470.650279271831
1818,FDU03,OUT049,3010.4024957937927
1819,FDC56,OUT010,304.7175599966222
1820,NCO43,OUT027,2647.4178280033375
1821,FDQ27,OUT017,1626.8847876367508
1822,FDR03,OUT046,3399.9762979293128
1823,DRH23,OUT010,85.98318012494656
1824,FDG22,OUT045,787.9343025431531
1825,NCJ42,OUT013,1635.666634286209
1826,FDR24,OUT046,1510.6725908346941
1827,FDW60,OUT035,3111.3803153457625
1828,FDJ08,OUT013,3203.7025357232355
1829,DRL59,OUT018,775.3256944936584
1830,FDG60,OUT010,776.2458114866588
1831,FDW27,OUT017,2636.868262125193
1832,FDX14,OUT018,965.0127956816473
1833,FDC20,OUT013,869.0104863439647
1834,NCS29,OUT018,3472.135582441279
1835,FDJ56,OUT046,1579.6264101032257
1836,FDB20,OUT019,153.31448993353342
1837,FDL28,OUT027,5753.896442510775
1838,FDW01,OUT018,2213.701181624959
1839,FDL03,OUT046,3267.9857805038328
1840,FDX22,OUT049,3470.112507232908
1841,FDJ21,OUT035,2198.2211664389306
1842,FDR31,OUT045,2286.2794189359324
1843,FDG21,OUT035,2515.5472346347115
1844,FDS22,OUT027,1422.7501297561244
1845,FDK08,OUT035,1640.3120597541506
1846,FDE17,OUT018,2213.86294346158
1847,NCN30,OUT017,1556.4521195767788
1848,FDT50,OUT046,1559.074859005147
1849,NCX42,OUT049,2727.3618196587713
1850,FDJ12,OUT035,3514.727034074501
1851,NCA18,OUT027,3067.4612346289778
1852,FDP23,OUT019,581.7394367151121
1853,FDX12,OUT013,3879.7955597995556
1854,FDN40,OUT018,2377.4449003899335
1855,FDV48,OUT035,1252.1215306506408
1856,NCY54,OUT013,2961.137370922102
1857,FDL16,OUT010,40.80126825106299
1858,FDR45,OUT018,3447.3364197663723
1859,FDJ52,OUT046,2671.449701454026
1860,DRG01,OUT017,1096.1070526650494
1861,FDP52,OUT013,3788.9618355683506
1862,FDU58,OUT017,3219.6780999974203
1863,FDL02,OUT045,1649.587318540729
1864,FDG28,OUT013,3887.5621208388716
1865,FDA19,OUT035,2178.773643899755
1866,FDW46,OUT027,1961.2112650013814
1867,NCD43,OUT049,1642.115196064518
1868,DRG39,OUT013,832.3224500870313
1869,NCF55,OUT049,769.682413105588
1870,FDJ07,OUT046,1850.3758570753544
1871,FDE08,OUT046,2435.879958011489
1872,FDP56,OUT019,73.30239791729446
1873,FDT45,OUT045,848.76036130583
1874,FDF17,OUT018,3041.405530050425
1875,FDX44,OUT046,1409.7050264966788
1876,FDM28,OUT027,4916.10752503826
1877,FDI36,OUT049,3325.477750387962
1878,FDS07,OUT045,1859.9323359885032
1879,FDD36,OUT045,1862.2158077579415
1880,FDW11,OUT046,1019.3000765632344
1881,FDN40,OUT049,2634.3718528203144
1882,NCQ18,OUT049,1555.2047706686747
1883,NCQ54,OUT017,2695.0120941681394
1884,NCS42,OUT045,1505.0893144076724
1885,DRH39,OUT010,156.64731220206932
1886,FDC09,OUT027,2737.924671410338
1887,FDT08,OUT010,388.14338749972126
1888,FDC08,OUT035,3741.632339734706
1889,FDT20,OUT017,758.8381922160818
1890,FDS35,OUT035,1140.1800983688277
1891,FDX58,OUT018,2804.8087263124353
1892,FDW58,OUT046,1639.344835099938
1893,DRD27,OUT046,1581.9098818726638
1894,FDH32,OUT019,191.76739838836488
1895,FDS26,OUT035,3973.7243760318543
1896,FDQ31,OUT046,1424.9419315583743
1897,FDP11,OUT018,3216.840816877398
1898,FDD58,OUT017,1586.188981241618
1899,FDM33,OUT045,3435.958075853604
1900,FDZ16,OUT049,3286.268578186542
1901,NCS29,OUT010,825.4364814369526
1902,NCM18,OUT019,107.12218738547426
1903,FDP11,OUT049,3573.1348688049784
1904,NCC42,OUT017,2143.535032057266
1905,DRM23,OUT046,2941.8613053866998
1906,NCN55,OUT027,5886.075738823225
1907,FDK46,OUT013,3890.2937297547933
1908,FDR01,OUT046,3458.9919967848928
1909,NCA05,OUT045,2441.765463920666
1910,NCP43,OUT017,2989.2833050115782
1911,FDR12,OUT010,479.9549974158774
1912,FDQ01,OUT013,3896.9341790558447
1913,FDM13,OUT046,2113.2171605999647
1914,FDQ19,OUT017,3887.9418835817632
1915,FDK56,OUT019,501.9558648965119
1916,NCX06,OUT010,513.7184642941236
1917,FDO56,OUT027,3053.2230918536234
1918,FDU45,OUT045,1869.9823687972573
1919,FDI16,OUT019,89.85386302659435
1920,FDL32,OUT046,1860.6872793803782
1921,FDA07,OUT046,2112.9503217477686
1922,FDA14,OUT045,2264.7864027279643
1923,FDV46,OUT027,3475.34119915888
1924,NCO07,OUT035,3531.585634845401
1925,NCP41,OUT046,1638.7817792308063
1926,FDY60,OUT018,1903.0155627302302
1927,FDN38,OUT017,3920.8609833887176
1928,FDO15,OUT046,1091.3565977925625
1929,FDT60,OUT013,2126.4416316404318
1930,FDA55,OUT035,3738.785812096136
1931,FDE02,OUT010,201.4392437889976
1932,DRJ39,OUT049,3617.4813384934096
1933,FDV34,OUT035,1150.793187046714
1934,FDS20,OUT027,5072.16806135349
1935,FDF02,OUT027,2674.1509937489946
1936,FDW40,OUT017,2148.4550654580116
1937,NCB43,OUT046,3132.116150097683
1938,FDR58,OUT017,1524.3211678406865
1939,DRJ59,OUT035,762.0666535673474
1940,NCD30,OUT017,1583.6441199759097
1941,FDE14,OUT017,1568.4839577821094
1942,FDC28,OUT018,1480.991980282919
1943,FDU16,OUT018,1175.3252007039964
1944,NCD19,OUT035,871.2050015987559
1945,FDU21,OUT046,762.6365726299489
1946,FDV59,OUT027,5445.92915833338
1947,FDU03,OUT045,3078.9302963330356
1948,FDC33,OUT010,571.580647539698
1949,NCR42,OUT035,741.2356800358762
1950,DRH59,OUT035,1140.1800983688277
1951,NCM31,OUT035,2201.3345329296963
1952,FDS50,OUT035,3683.874499506648
1953,FDP39,OUT046,836.3573547541107
1954,FDQ55,OUT013,1875.3701740184847
1955,FDV36,OUT019,340.69689316704876
1956,FDI05,OUT027,1961.2112650013814
1957,FDS45,OUT027,2857.192049426874
1958,FDA39,OUT045,792.730733693402
1959,FDC37,OUT010,296.010183953352
1960,FDJ60,OUT027,4328.949020692497
1961,DRQ35,OUT046,2105.1837607084526
1962,NCJ06,OUT046,1965.127320718096
1963,NCY42,OUT018,1894.2588528522865
1964,DRM37,OUT049,3281.3485447857965
1965,FDR14,OUT045,834.2112961362204
1966,FDE51,OUT049,787.7959106049116
1967,FDT33,OUT017,2707.606988242602
1968,FDR08,OUT013,1868.166668848301
1969,FDE36,OUT010,440.18162657246194
1970,FDL22,OUT019,190.62493267617356
1971,FDR44,OUT013,2145.0881202098294
1972,FDI56,OUT019,190.62493267617356
1973,FDE47,OUT010,340.77436879989546
1974,FDV27,OUT010,202.1088943427119
1975,FDV10,OUT049,777.4790389439618
1976,FDC40,OUT045,1205.0879479482087
1977,NCX41,OUT013,3446.33068617504
1978,NCQ38,OUT027,2755.1675037324344
1979,FDV12,OUT027,2622.0952410465643
1980,FDE52,OUT017,1422.9080469361234
1981,FDG20,OUT027,4809.8179135386645
1982,FDV16,OUT027,1403.9009616212288
1983,FDI32,OUT017,1870.1695242575736
1984,FDJ32,OUT049,1073.3447929422132
1985,FDN39,OUT018,2594.3420286050937
1986,FDY34,OUT017,2707.606988242602
1987,FDC14,OUT035,762.19570517377
1988,FDA55,OUT017,3680.363144522008
1989,FDZ50,OUT010,530.5085740635789
1990,DRG13,OUT049,2701.439605933752
1991,FDP01,OUT013,2623.6838128129757
1992,NCG54,OUT017,2965.986753969945
1993,FDM13,OUT045,2119.6657223782736
1994,NCO18,OUT027,4829.74911159116
1995,NCW41,OUT013,2619.326835281362
1996,FDM52,OUT027,3977.619753656584
1997,NCF55,OUT035,752.115607565958
1998,FDT09,OUT046,2112.9503217477686
1999,NCM19,OUT035,1835.7169794719507
2000,FDW12,OUT018,2049.618680879582
2001,FDP15,OUT019,776.2401216297321
2002,FDK36,OUT045,816.034403668802
2003,FDZ25,OUT035,3027.7846931561944
2004,NCW06,OUT049,3273.67368411208
2005,FDW60,OUT046,3011.5876663450954
2006,DRC49,OUT013,2282.4422395202046
2007,NCT17,OUT035,3281.674257922792
2008,NCN06,OUT018,2436.8377928296545
2009,FDC45,OUT013,2847.410555355728
2010,DRJ47,OUT019,467.7545044184999
2011,NCF06,OUT045,3881.28333540708
2012,FDE21,OUT010,307.56408763519244
2013,DRG27,OUT013,770.3383696900983
2014,FDW40,OUT049,2150.0542441884777
2015,NCO53,OUT046,3136.9444831328296
2016,FDE23,OUT049,771.5245941705514
2017,FDQ16,OUT046,1710.212500003012
2018,FDS26,OUT045,3855.189016980322
2019,FDZ13,OUT010,47.97206319104862
2020,FDS14,OUT049,2622.928869421101
2021,FDC10,OUT045,1982.3682672606508
2022,FDY16,OUT049,3178.1105321595737
2023,FDJ20,OUT035,2185.977149069939
2024,FDV43,OUT035,759.7831817979093
2025,FDZ32,OUT027,2737.924671410338
2026,FDR23,OUT046,2945.066795946469
2027,FDN24,OUT035,873.1868069953318
2028,FDE34,OUT027,5003.046668870911
2029,FDU31,OUT013,3454.097247214356
2030,FDW33,OUT018,1480.991980282919
2031,FDU26,OUT046,1862.9707511498168
2032,FDE20,OUT027,4604.349819650364
2033,NCW05,OUT035,1689.4173960729765
2034,FDB22,OUT018,2209.5059659299664
2035,FDO56,OUT046,1863.5338070189487
2036,FDA19,OUT027,3472.4946715203096
2037,DRI39,OUT045,848.1973054366979
2038,FDH52,OUT018,894.0201766601788
2039,FDZ50,OUT035,3174.819244821102
2040,NCN42,OUT035,2332.2293905138195
2041,FDB53,OUT013,2457.137828943468
2042,DRG11,OUT017,1785.6310270519637
2043,DRK11,OUT027,3972.386526660478
2044,FDQ60,OUT017,2149.3744473885404
2045,FDT36,OUT017,755.4286087083794
2046,DRG25,OUT018,2880.971862128577
2047,DRJ23,OUT046,3181.8816089221245
2048,FDG05,OUT035,2751.6800339463803
2049,NCK06,OUT018,1910.5816539515722
2050,FDU52,OUT017,2621.8927465597667
2051,FDW07,OUT018,1248.0486344427625
2052,NCM17,OUT045,784.3956674290282
2053,FDA22,OUT045,2669.0972908203544
2054,NCA41,OUT018,2991.976435794116
2055,FDF38,OUT035,762.19570517377
2056,FDH52,OUT046,1097.311042565973
2057,FDY58,OUT019,705.3335411264459
2058,FDZ16,OUT045,3262.164179615993
2059,NCM18,OUT017,1059.751194135662
2060,FDA22,OUT018,2443.8795361632174
2061,NCJ43,OUT035,3073.628186310725
2062,FDI34,OUT027,5829.859056235644
2063,FDG56,OUT046,1024.2201099639801
2064,FDS34,OUT046,1860.6872793803782
2065,DRC01,OUT035,842.7109603127699
2066,FDQ04,OUT035,770.6631093279912
2067,FDK04,OUT035,941.0608863022765
2068,FDT51,OUT049,1792.2087011259737
2069,FDV26,OUT017,3296.5225433950914
2070,FDS04,OUT049,2142.8507390182936
2071,FDW43,OUT018,3393.153430199503
2072,FDQ28,OUT010,426.4534702159583
2073,NCK06,OUT017,2165.909427651487
2074,FDS23,OUT018,1920.1682585508433
2075,FDZ36,OUT019,516.2011134002591
2076,FDE56,OUT018,965.1745575182679
2077,FDW10,OUT027,4835.140500495438
2078,NCN14,OUT045,3143.3930449111385
2079,NCQ18,OUT045,1553.4915825781252
2080,FDW08,OUT017,1645.9074062383306
2081,FDU43,OUT035,3899.408056067886
2082,FDR33,OUT010,291.81496825835893
2083,FDM24,OUT010,402.13794778518354
2084,NCZ05,OUT046,1608.6430476183211
2085,NCV41,OUT035,1919.3725693693605
2086,FDV11,OUT018,2702.2128260346294
2087,NCY05,OUT035,743.2174854324521
2088,FDV44,OUT018,2923.2242221159227
2089,FDW32,OUT049,1349.5003201583847
2090,NCU18,OUT027,3488.849772953434
2091,NCC43,OUT035,3969.0681476984464
2092,FDW19,OUT013,1791.714584121075
2093,FDN31,OUT035,3348.3047616681674
2094,FDI48,OUT045,813.3169276366543
2095,FDS24,OUT017,1514.2146659475861
2096,FDF46,OUT049,1874.6152306266097
2097,DRG23,OUT017,2461.424156122179
2098,FDG14,OUT018,2220.904686795143
2099,NCY30,OUT049,2973.63795089875
2100,FDO28,OUT018,1890.2527520261438
2101,DRD24,OUT035,2190.4546053996146
2102,FDI33,OUT049,1515.0404190410704
2103,FDN32,OUT046,3140.3540666405315
2104,FDR16,OUT045,3473.9121277839536
2105,FDF26,OUT046,2602.425941880997
2106,NCN29,OUT018,740.3162650871923
2107,FDE20,OUT045,2813.050675433695
2108,FDA46,OUT046,3248.5121126675003
2109,FDU28,OUT045,3151.1596059504545
2110,FDQ48,OUT045,1595.5619488211569
2111,FDV36,OUT013,2129.288159279002
2112,FDR14,OUT018,772.4791668550881
2113,FDP23,OUT017,3473.1629672712725
2114,FDP56,OUT013,832.8855059561633
2115,FDK48,OUT010,156.64731220206932
2116,FDR48,OUT046,2432.470374503787
2117,NCY29,OUT049,872.0494646145712
2118,FDM22,OUT018,775.487456330279
2119,DRJ01,OUT013,2722.8950632770384
2120,FDZ43,OUT045,3834.1085452367256
2121,FDV03,OUT035,2662.857875128705
2122,FDX11,OUT027,4975.337382556603
2123,NCA41,OUT027,5228.727516812479
2124,FDE38,OUT017,2730.5909739634517
2125,FDI27,OUT018,711.6531080924112
2126,FDN32,OUT013,3095.337072728502
2127,NCN43,OUT017,2134.137542326845
2128,FDB47,OUT027,5408.3437829021195
2129,FDV03,OUT017,2615.9383017863565
2130,NCN30,OUT045,1556.3381102166954
2131,NCV54,OUT010,315.14273271688785
2132,FDV07,OUT013,1784.5110789508913
2133,FDP07,OUT049,3318.83730108691
2134,FDK48,OUT018,967.8593233202175
2135,FDM15,OUT019,388.6818549234947
2136,FDY19,OUT027,3075.699151171826
2137,FDK46,OUT046,3839.7368128309026
2138,FDY11,OUT045,1103.1965484751497
2139,FDH09,OUT046,841.748743658389
2140,FDO08,OUT027,4334.182247688603
2141,FDU14,OUT013,3908.642592582468
2142,FDD22,OUT027,3072.852623533256
2143,FDM27,OUT017,2675.558418640291
2144,FDL02,OUT027,2729.8449167756617
2145,NCA17,OUT035,2337.057723548966
2146,FDE38,OUT019,430.1115356309615
2147,NCG07,OUT049,3204.7597085972657
2148,DRC27,OUT013,3860.8836411027487
2149,FDA27,OUT035,3999.8397998988457
2150,FDW40,OUT045,2125.9498456179285
2151,DRI11,OUT013,1867.6036129791692
2152,FDN50,OUT046,1561.9213866437171
2153,FDR12,OUT046,2832.793133724801
2154,FDT34,OUT027,2757.55420308997
2155,FDW11,OUT035,1118.1021316849638
2156,NCO30,OUT027,5000.501807605204
2157,FDZ34,OUT017,3314.678196080795
2158,FDU45,OUT017,1880.2195570663278
2159,NCD42,OUT035,746.0640130710224
2160,FDX25,OUT045,3074.2716524285597
2161,NCR29,OUT046,863.8877147457129
2162,FDX43,OUT019,425.91631993596843
2163,FDB04,OUT010,196.8982176767572
2164,FDR49,OUT027,1397.7171252966596
2165,FDS39,OUT018,1890.4206686557677
2166,FDW58,OUT045,1645.793396878247
2167,FDG22,OUT019,43.25895222638928
2168,FDG31,OUT017,1090.7156637607711
2169,NCV53,OUT027,5945.702173828261
2170,DRJ37,OUT035,2508.3437294645273
2171,FDV07,OUT035,1836.2800353410826
2172,FDW52,OUT018,2452.279214542687
2173,FDT15,OUT045,3148.0516888156144
2174,FDD02,OUT018,1634.1515254622345
2175,FDM16,OUT035,1150.793187046714
2176,NCE55,OUT046,2940.238462911322
2177,FDB57,OUT018,3261.3490484024496
2178,FDQ04,OUT013,781.7813530893122
2179,FDQ47,OUT019,50.42974716637491
2180,FDY14,OUT019,800.3713245290792
2181,DRK37,OUT017,3279.7224279385364
2182,FDO25,OUT017,3501.066986392868
2183,FDL57,OUT046,3846.940318001087
2184,NCK29,OUT018,1920.1682585508433
2185,FDK46,OUT027,5979.782433607279
2186,NCB43,OUT010,521.629632900107
2187,DRE01,OUT027,5926.790255131455
2188,FDC46,OUT018,2871.0835911564436
2189,FDQ23,OUT045,1656.110268539197
2190,FDX38,OUT049,808.5547193146035
2191,FDG60,OUT018,3440.916482620006
2192,FDW55,OUT017,3887.9418835817632
2193,FDP39,OUT013,793.7391893870235
2194,FDB20,OUT018,1091.6041510178682
2195,FDV21,OUT017,2131.8540705574064
2196,FDZ02,OUT013,1563.6345747342666
2197,FDP19,OUT027,3472.4946715203096
2198,FDA38,OUT035,4020.2600995356215
2199,FDH22,OUT045,2120.2287782474054
2200,DRM11,OUT045,3885.9395637404878
2201,FDO12,OUT027,5228.727516812479
2202,FDT14,OUT049,2004.865591633714
2203,FDW34,OUT010,789.5477053204768
2204,FDG04,OUT027,5117.105187142785
2205,FDW59,OUT018,1250.733400244712
2206,FDR33,OUT018,1545.2241198096688
2207,FDP32,OUT013,2140.7311426782157
2208,FDL13,OUT027,5824.625829239538
2209,FDD22,OUT013,1865.3201412097305
2210,FDV40,OUT027,1986.5338519581544
2211,NCD55,OUT046,775.9653002541434
2212,FDQ20,OUT010,40.80126825106299
2213,FDD28,OUT045,916.0713847436425
2214,FDC39,OUT045,3435.395019984472
2215,NCR17,OUT049,1874.0521747574778
2216,DRO35,OUT018,1636.9980531008048
2217,FDF40,OUT049,3931.8613577712035
2218,FDR31,OUT018,1904.0072192881785
2219,NCQ41,OUT017,3292.1655658634777
2220,FDP38,OUT046,809.5858418904932
2221,NCU54,OUT027,5442.924468786637
2222,FDG22,OUT018,688.6087242625229
2223,DRK59,OUT013,3781.1952745290346
2224,FDC37,OUT046,1638.7817792308063
2225,NCO42,OUT013,2277.4399380981276
2226,NCT42,OUT017,2470.3222782556845
2227,FDX27,OUT035,1615.403531124458
2228,FDV40,OUT018,960.8175799866542
2229,FDT45,OUT027,1609.944457785898
2230,FDS47,OUT019,187.0646104395039
2231,FDR45,OUT035,3911.116469594509
2232,FDB03,OUT045,3792.8309730593646
2233,FDO49,OUT035,883.236839804086
2234,FDU60,OUT027,4328.949020692497
2235,FDB26,OUT018,782.5291996638423
2236,FDB46,OUT017,3478.0830006720184
2237,FDQ37,OUT019,528.3667990234228
2238,FDN03,OUT017,3892.094657596196
2239,NCX30,OUT045,3850.532788646914
2240,FDK32,OUT019,418.1380780402628
2241,DRM47,OUT013,3274.8999830074877
2242,NCO02,OUT046,1086.6979538880867
2243,FDP04,OUT013,1091.8207254863385
2244,NCO43,OUT049,1626.671850101311
2245,FDD59,OUT013,1260.579769090722
2246,FDQ10,OUT017,2974.2246705127936
2247,FDW45,OUT035,2511.7533129722297
2248,NCK30,OUT049,3882.1777868739973
2249,FDU31,OUT018,3106.213656102632
2250,NCQ17,OUT019,417.9763162036422
2251,FDN01,OUT017,2986.4367773730078
2252,FDZ19,OUT049,3006.933358924624
2253,DRG37,OUT017,2624.1762183292053
2254,FDE32,OUT045,771.8026104404055
2255,FDO34,OUT049,2702.0026618028837
2256,FDM04,OUT019,76.27797716228724
2257,FDZ25,OUT049,2863.346094073659
2258,FDU08,OUT049,1590.634687610654
2259,NCW30,OUT045,3907.0036262367867
2260,NCM18,OUT013,1013.3384039800674
2261,FDS22,OUT035,762.758761042902
2262,NCH18,OUT017,3875.346989507301
2263,FDC23,OUT013,2966.6263332513095
2264,FDY46,OUT013,3164.4584652110807
2265,NCU06,OUT046,3719.6715449710864
2266,FDX57,OUT045,1568.9330042911579
2267,FDX36,OUT027,5664.003585267788
2268,FDL16,OUT045,784.9587232981603
2269,FDT16,OUT010,825.5982432735732
2270,FDN16,OUT018,1426.5167736520502
2271,FDC03,OUT046,3247.9490567983685
2272,DRF60,OUT013,3781.1952745290346
2273,FDS27,OUT027,5200.860068589998
2274,FDP33,OUT010,818.3947381033893
2275,FDJ36,OUT018,1420.6547838512586
2276,NCR42,OUT013,752.3539237971972
2277,FDV14,OUT017,1415.7045417659392
2278,NCP42,OUT035,3345.7599004024596
2279,FDB50,OUT027,2274.7405598046707
2280,NCC30,OUT027,4829.74911159116
2281,FDA23,OUT018,1423.5013114898288
2282,FDW16,OUT017,1520.6447454807885
2283,FDQ52,OUT010,789.5477053204768
2284,FDB58,OUT049,2152.9007718270477
2285,NCP29,OUT049,1094.859703756945
2286,NCM05,OUT045,3855.189016980322
2287,FDO25,OUT013,3474.234705296635
2288,NCM54,OUT046,2100.355427673306
2289,NCL54,OUT046,2939.8794999901233
2290,FDL39,OUT010,530.5085740635789
2291,FDF53,OUT018,2719.3800323728274
2292,NCQ42,OUT035,2176.2287826340466
2293,FDF58,OUT013,1091.8207254863385
2294,FDZ04,OUT035,1143.58968187653
2295,FDE26,OUT019,331.1167028509399
2296,FDS60,OUT017,2898.9258156796736
2297,FDV58,OUT017,3214.9026845631233
2298,FDM04,OUT045,837.7499312503453
2299,FDE08,OUT035,2337.620779418098
2300,NCB43,OUT049,3162.669110446541
2301,FDU11,OUT010,322.1270585503505
2302,FDF22,OUT019,574.6976933815488
2303,FDE24,OUT013,2135.839121370853
2304,DRJ49,OUT046,2105.1837607084526
2305,NCQ53,OUT035,3910.5534137253767
2306,NCL41,OUT013,757.1822568323435
2307,FDR22,OUT013,1791.714584121075
2308,FDH04,OUT035,1578.4442463532191
2309,DRH15,OUT045,784.3956674290282
2310,FDY40,OUT049,809.1177751837356
2311,NCI17,OUT035,1605.3534983157037
2312,NCC18,OUT013,2963.9838985606725
2313,FDY28,OUT027,5425.839798372712
2314,FDB45,OUT027,2760.4007307285406
2315,NCL30,OUT018,1873.9814355917833
2316,FDM10,OUT017,3470.8794955018348
2317,FDH22,OUT027,3472.4946715203096
2318,NCZ53,OUT017,3223.2515903486637
2319,NCI18,OUT013,3643.7824969898834
2320,FDH14,OUT027,3469.3784031819737
2321,FDR36,OUT027,1414.6703751214482
2322,FDW01,OUT045,2438.9189362820957
2323,FDK02,OUT027,3260.7957241012955
2324,FDJ02,OUT018,2049.618680879582
2325,FDU55,OUT013,3909.2056484516
2326,NCV18,OUT027,2423.823376151208
2327,FDH14,OUT018,1893.6180729998089
2328,FDZ37,OUT045,1422.7940375760397
2329,FDX49,OUT049,3991.455263949316
2330,NCD43,OUT046,1633.9534461956596
2331,FDZ07,OUT013,1071.253208695518
2332,FDK43,OUT035,2175.665726764915
2333,FDR32,OUT018,3408.4872465043736
2334,FDT39,OUT013,2472.1133445088935
2335,NCV54,OUT017,1994.081102336488
2336,FDF38,OUT018,711.6531080924112
2337,FDV60,OUT046,3270.5306417695406
2338,FDH44,OUT027,3687.1911800657745
2339,FDS21,OUT046,1027.0666376025504
2340,NCL41,OUT045,771.2395545712734
2341,FDM46,OUT017,1558.9969808424871
2342,FDU27,OUT045,807.925538732376
2343,NCJ54,OUT017,3803.1992225901213
2344,DRG51,OUT018,2452.117452706066
2345,NCA29,OUT019,438.0997307385487
2346,FDR47,OUT045,3254.397618576677
2347,NCL19,OUT027,3491.854462500176
2348,DRG01,OUT049,1097.7062313955153
2349,FDG10,OUT046,930.5527833041697
2350,NCV05,OUT049,2625.775397059671
2351,NCH18,OUT019,759.0911595083251
2352,FDV14,OUT018,1250.733400244712
2353,DRJ23,OUT035,3281.674257922792
2354,DRJ11,OUT046,3136.9444831328296
2355,FDZ03,OUT017,3185.5179697295525
2356,FDI27,OUT010,47.97206319104862
2357,FDJ14,OUT018,1105.8493995216154
2358,FDU32,OUT017,1999.4724912407664
2359,FDD47,OUT027,4772.068513038585
2360,DRF36,OUT035,3281.674257922792
2361,FDM21,OUT046,3839.7368128309026
2362,FDV10,OUT018,701.7648371202777
2363,FDH60,OUT018,2996.3334133257295
2364,FDX47,OUT010,433.2445253312367
2365,FDT19,OUT019,463.91825164470583
2366,FDO11,OUT045,3881.3044408473133
2367,FDH24,OUT027,4311.153391228857
2368,FDL02,OUT018,1495.237228786666
2369,FDB02,OUT049,2985.669789104081
2370,FDA43,OUT046,3248.5121126675003
2371,FDG52,OUT045,784.9587232981603
2372,DRC12,OUT013,3205.9860074926737
2373,FDY37,OUT018,1903.0155627302302
2374,NCU18,OUT045,2113.354951543466
2375,FDU09,OUT035,903.0923391219717
2376,DRJ25,OUT027,1467.3524529055776
2377,DRE12,OUT018,1730.084516995999
2378,DRL47,OUT017,2134.137542326845
2379,DRK01,OUT046,1551.871353834963
2380,FDC22,OUT019,528.5285608600434
2381,FDG44,OUT013,854.9049151481524
2382,FDW04,OUT035,2185.977149069939
2383,FDK09,OUT049,3747.0022485210247
2384,NCN43,OUT035,2181.0571156691935
2385,FDG04,OUT049,3170.9070269893896
2386,FDH32,OUT010,194.39750045543428
2387,DRI47,OUT017,2290.138150206618
2388,DRE15,OUT013,1091.2576696172064
2389,FDY11,OUT035,1150.2301311775818
2390,FDO60,OUT049,779.6334591069774
2391,FDQ20,OUT018,704.4823131524254
2392,FDO57,OUT027,4356.658307006805
2393,FDT14,OUT019,332.149268057844
2394,FDA57,OUT049,780.1965149761095
2395,DRN35,OUT017,755.4286087083794
2396,FDJ03,OUT046,806.8683658583454
2397,FDX28,OUT017,1597.0689087716999
2398,DRE25,OUT045,1509.917647442819
2399,FDR09,OUT046,3839.7368128309026
2400,FDB23,OUT035,3735.677894961296
2401,FDO08,OUT045,2682.2552407639487
2402,FDQ23,OUT049,1600.9515592716043
2403,FDW04,OUT013,2134.2081926797473
2404,DRK13,OUT010,568.5723580645072
2405,NCL17,OUT027,3489.007934861606
2406,FDY21,OUT035,3348.3047616681674
2407,FDJ38,OUT027,5089.395900828476
2408,FDA37,OUT019,345.0538706986624
2409,FDV43,OUT013,770.9014255592303
2410,FDL36,OUT046,1503.4690856645102
2411,FDD53,OUT045,787.8052509367305
2412,FDZ19,OUT010,487.86193647964
2413,FDV21,OUT045,2109.3488507173233
2414,NCL54,OUT018,2685.4227162651737
2415,DRI47,OUT027,3491.854462500176
2416,DRG03,OUT049,2622.928869421101
2417,FDG21,OUT013,2463.7782782445197
2418,FDW03,OUT018,1494.9060780536088
2419,NCI55,OUT046,2100.355427673306
2420,DRC36,OUT019,478.16350014845307
2421,FDH22,OUT017,2142.7339980874885
2422,FDV20,OUT045,2116.5523558875075
2423,NCU41,OUT027,5225.880989173908
2424,FDN46,OUT027,2735.0781437717674
2425,FDK50,OUT045,2677.335207363203
2426,NCA05,OUT027,3704.434012387871
2427,DRH01,OUT018,2695.0093208644453
2428,FDT08,OUT018,2206.659438291396
2429,FDM08,OUT018,3305.647272314051
2430,FDZ07,OUT035,1055.658173300923
2431,FDS22,OUT017,774.9698843188294
2432,FDV35,OUT027,4213.252023064572
2433,FDI28,OUT010,163.88676251458037
2434,FDW58,OUT027,2879.6681087450766
2435,FDT52,OUT045,3853.0204639335325
2436,FDY34,OUT046,2678.65320662421
2437,FDR10,OUT046,2671.449701454026
2438,FDK57,OUT017,1996.625963602196
2439,FDR02,OUT027,2975.61055530916
2440,FDX49,OUT046,3951.3356053602156
2441,FDQ20,OUT046,781.3566891584217
2442,DRK23,OUT045,3855.189016980322
2443,NCW06,OUT046,3243.120723763222
2444,FDR31,OUT017,2305.938111137445
2445,NCE43,OUT013,2815.265090512902
2446,DRO59,OUT027,1978.4540973234782
2447,FDN09,OUT049,3896.373875687239
2448,FDR11,OUT046,2675.243623116508
2449,FDO57,OUT013,2692.707572386005
2450,NCX18,OUT017,3287.3372328283313
2451,FDB05,OUT018,3521.564676697588
2452,FDQ08,OUT018,894.0201766601788
2453,NCG43,OUT035,1600.5251652805573
2454,FDJ56,OUT013,1581.3395981937751
2455,FDA13,OUT010,46.591774494925176
2456,FDO56,OUT017,1880.2195570663278
2457,FDB37,OUT018,3469.4039735253573
2458,FDZ02,OUT018,1403.5128162608821
2459,FDQ24,OUT046,3839.173756961771
2460,FDM16,OUT013,1099.0242306565224
2461,FDU35,OUT049,1598.1050316330338
2462,FDT35,OUT035,2879.065885108424
2463,NCX30,OUT049,3890.982486782961
2464,FDG04,OUT017,3181.7240480670707
2465,FDI12,OUT035,1466.9810926399014
2466,FDE35,OUT035,1052.5502561660828
2467,NCP14,OUT027,2752.162814185692
2468,NCY53,OUT045,1775.7136902219615
2469,FDP49,OUT017,851.7583164337286
2470,FDQ04,OUT017,782.8742326039185
2471,FDM39,OUT035,3075.609991707301
2472,FDO58,OUT019,423.0697922973982
2473,FDC56,OUT017,1985.4019503595373
2474,NCQ54,OUT046,2666.0583125497474
2475,FDV10,OUT027,1419.9036021175539
2476,NCK17,OUT046,780.7936332892896
2477,NCF55,OUT027,1384.4028505307324
2478,FDV33,OUT013,3916.409153621784
2479,NCH29,OUT019,198.8091417219282
2480,FDA37,OUT027,3444.785385206001
2481,FDH46,OUT018,1423.6630733264496
2482,FDS25,OUT035,1840.0739570035644
2483,FDH04,OUT027,2506.7588760513872
2484,FDX52,OUT046,3258.5621454762545
2485,NCD42,OUT017,758.2751363469497
2486,FDW47,OUT017,2134.137542326845
2487,FDL25,OUT027,2498.6791214167115
2488,NCJ06,OUT010,315.14273271688785
2489,FDY09,OUT013,2969.375287464951
2490,FDS40,OUT046,765.3540486620966
2491,FDH41,OUT017,3470.8794955018348
2492,FDG38,OUT035,1466.9810926399014
2493,FDU03,OUT027,4880.160322181103
2494,FDV20,OUT046,2110.1037941091986
2495,DRB13,OUT045,3226.284222630783
2496,NCQ30,OUT013,1989.2317192886449
2497,NCH06,OUT013,3856.0553080676023
2498,FDU50,OUT018,1655.0814858010708
2499,NCO42,OUT019,341.1031434303154
2500,FDW09,OUT018,1101.6541838266223
2501,FDH04,OUT013,1526.6752899630276
2502,FDC21,OUT045,1723.864566951505
2503,FDL21,OUT049,780.325566582532
2504,FDM46,OUT010,193.25503474324296
2505,FDT22,OUT019,112.51357628975256
2506,FDB28,OUT035,3418.264480629752
2507,FDI12,OUT018,1255.0903777763256
2508,FDA28,OUT045,2119.3988835260775
2509,FDF59,OUT013,2121.050242736153
2510,FDM45,OUT027,3450.018612202107
2511,FDQ56,OUT017,1351.5775637878166
2512,FDR46,OUT049,2289.4538571676453
2513,FDT01,OUT013,3450.6876637066534
2514,FDD16,OUT027,1986.5338519581544
2515,NCU30,OUT010,420.5449891644364
2516,FDM40,OUT010,332.3903516930718
2517,FDI56,OUT035,1557.5142860143828
2518,NCS30,OUT013,2132.493226135367
2519,FDU08,OUT017,1589.0355088801882
2520,FDX51,OUT027,5200.860068589998
2521,FDA43,OUT045,3254.960674445809
2522,FDX59,OUT010,46.591774494925176
2523,FDC37,OUT018,1456.4937434279143
2524,FDP58,OUT013,3557.682664655559
2525,NCY42,OUT035,2196.50619989455
2526,FDF21,OUT018,2920.3776944773526
2527,FDU10,OUT027,1422.7501297561244
2528,DRL47,OUT018,1886.414567829625
2529,FDA58,OUT018,3452.78665798325
2530,FDJ22,OUT049,3279.0650730163584
2531,FDK50,OUT046,2670.8866455848943
2532,FDO38,OUT035,1244.918025480457
2533,DRF60,OUT035,3904.162826940713
2534,NCZ42,OUT019,757.6594410377509
2535,FDD35,OUT049,1868.6607858531993
2536,FDL25,OUT045,1517.121152613003
2537,FDJ16,OUT013,866.1639587053944
2538,DRK59,OUT049,3797.2105345475866
2539,FDI50,OUT046,3783.206299825477
2540,NCB19,OUT045,1418.7955992622208
2541,DRI37,OUT035,1047.891612261607
2542,FDA14,OUT027,3701.587484749301
2543,FDC08,OUT018,3369.803649457972
2544,FDS45,OUT046,1683.148558629911
2545,FDI21,OUT049,1111.3259340890504
2546,DRJ47,OUT035,3047.705972585706
2547,DRE37,OUT027,5109.02543250811
2548,FDT55,OUT018,2429.031617352357
2549,NCG42,OUT027,3469.9498102546013
2550,FDA31,OUT049,2853.8591171340368
2551,NCW42,OUT046,3572.5333468691624
2552,FDF50,OUT017,3345.78987581478
2553,FDK56,OUT049,3168.0604993508196
2554,FDX10,OUT035,754.7895204380886
2555,NCK07,OUT027,4354.271607649271
2556,FDZ49,OUT017,3632.6553371027044
2557,FDR33,OUT013,1711.9256880935613
2558,FDO44,OUT018,1546.3007198698322
2559,FDA20,OUT046,3137.5075390019615
2560,NCL30,OUT045,2106.803989451615
2561,FDI05,OUT019,160.51799510371734
2562,FDQ12,OUT018,3392.9916683628826
2563,FDH47,OUT017,1563.0925688778311
2564,FDH34,OUT018,2873.930118795014
2565,FDF29,OUT046,2112.9503217477686
2566,FDG40,OUT018,688.4796726561003
2567,NCE18,OUT017,3885.454208295145
2568,FDP21,OUT010,546.5131817525855
2569,FDY50,OUT013,1418.888558609608
2570,FDB36,OUT049,2179.5404445872837
2571,NCZ29,OUT049,2132.8901934187406
2572,FDU20,OUT018,1752.3922410393893
2573,FDO56,OUT013,1875.3701740184847
2574,FDW31,OUT049,3328.887333895664
2575,DRH59,OUT013,1088.4111419786361
2576,NCB30,OUT017,3302.7153126293197
2577,FDK43,OUT027,3464.7165832584956
2578,FDW43,OUT045,3767.1936177609077
2579,NCL19,OUT017,2143.535032057266
2580,FDJ27,OUT046,1580.8754704999992
2581,FDC45,OUT046,2823.3061567851787
2582,FDY40,OUT035,859.892905170409
2583,NCM41,OUT035,1559.7977577838212
2584,NCK18,OUT019,420.52493103169013
2585,FDP37,OUT049,2132.8901934187406
2586,FDA27,OUT027,5952.073147292971
2587,NCX30,OUT035,3958.960928910603
2588,FDR09,OUT017,3890.6734924976845
2589,FDG08,OUT027,4782.693128938969
2590,NCU30,OUT013,2746.633548710169
2591,FDB16,OUT017,1415.7045417659392
2592,FDM16,OUT017,1103.8736137043654
2593,FDC48,OUT013,1261.6141804633867
2594,NCF18,OUT046,3174.206748248408
2595,FDU46,OUT018,1243.6916569111486
2596,FDH41,OUT018,3096.163623293877
2597,NCN42,OUT010,349.41853560601066
2598,FDU49,OUT046,1416.3454757977308
2599,FDB20,OUT027,2154.5403506643456
2600,FDG50,OUT019,200.51320364830713
2601,FDW20,OUT045,2112.195378355894
2602,NCO55,OUT049,1776.3502782523476
2603,FDX48,OUT046,2602.425941880997
2604,FDU48,OUT046,2102.3372330698826
2605,FDR48,OUT019,386.8697386575891
2606,FDK27,OUT013,2123.8967703747235
2607,FDT35,OUT013,2699.3480216870566
2608,FDN12,OUT049,1787.5500572214978
2609,NCE31,OUT019,37.86756332211098
2610,FDL21,OUT017,774.9698843188294
2611,FDV56,OUT017,1723.9785763115883
2612,FDR16,OUT017,3508.833547432184
2613,NCP41,OUT049,1717.8111940027384
2614,FDJ27,OUT013,1582.5886585905487
2615,FDA07,OUT017,2141.9041033661606
2616,FDK55,OUT049,1411.9123315921267
2617,FDM33,OUT049,3615.1978667239714
2618,FDY46,OUT046,3140.3540666405315
2619,FDD36,OUT046,1855.7672459796327
2620,FDB12,OUT027,2622.0952410465643
2621,FDF28,OUT019,338.0121273650991
2622,NCE07,OUT019,321.5300982516685
2623,FDW50,OUT027,4351.4250800107
2624,NCW18,OUT017,3803.1992225901213
2625,NCJ17,OUT019,187.0646104395039
2626,DRZ24,OUT010,327.57586495472947
2627,FDS07,OUT035,1919.9356252384923
2628,NCW05,OUT010,296.010183953352
2629,FDZ22,OUT018,1170.9682231723827
2630,FDK02,OUT046,1855.7672459796327
2631,FDZ45,OUT027,5233.960743808584
2632,FDL25,OUT046,1510.6725908346941
2633,FDS08,OUT045,2982.828960354075
2634,NCZ42,OUT027,5865.855645346375
2635,FDX57,OUT035,1615.9665869935898
2636,FDF21,OUT046,3186.8016423228705
2637,FDJ56,OUT018,1386.4210401185646
2638,FDX10,OUT013,765.9077641994097
2639,DRG48,OUT035,2347.937651079048
2640,DRN37,OUT046,2668.040117946324
2641,NCY41,OUT018,692.6748883510934
2642,FDN28,OUT045,1663.8768295785128
2643,FDE34,OUT045,3074.8347082976916
2644,FDR10,OUT045,2677.898263232335
2645,FDC32,OUT017,1510.5947126720343
2646,DRG13,OUT046,2670.8866455848943
2647,FDP59,OUT049,1648.280010605778
2648,NCT53,OUT010,432.978121402278
2649,FDL57,OUT027,5938.39445559227
2650,FDN32,OUT010,529.8675494429556
2651,FDK09,OUT018,3362.6001442877878
2652,FDA52,OUT010,496.18691372276317
2653,FDC57,OUT049,3286.268578186542
2654,FDI09,OUT035,3911.366332110897
2655,NCB07,OUT046,3273.326253593531
2656,FDP26,OUT035,1662.125192099062
2657,FDP40,OUT027,3053.2230918536234
2658,FDL15,OUT013,2454.0299118086277
2659,FDV07,OUT046,1772.6747119513548
2660,FDS03,OUT017,1087.8691361222009
2661,FDE50,OUT049,3177.547476290442
2662,FDQ15,OUT017,1265.4291521385649
2663,FDQ33,OUT010,388.14338749972126
2664,FDT22,OUT013,911.3360110558831
2665,DRO35,OUT035,1919.3725693693605
2666,FDJ41,OUT049,3925.2209084701517
2667,FDQ27,OUT035,1730.676258337241
2668,FDC26,OUT017,1869.6064683884417
2669,NCF43,OUT027,3491.696300592004
2670,NCR50,OUT035,2666.267458636407
2671,FDE39,OUT018,1751.1864608744145
2672,FDN49,OUT027,1414.6703751214482
2673,DRG11,OUT035,1771.1649885061327
2674,NCA18,OUT049,1866.3773140837611
2675,FDM36,OUT018,2702.2128260346294
2676,FDW32,OUT017,1420.6245751666847
2677,NCQ18,OUT010,189.00611155115598
2678,FDX14,OUT027,1978.4540973234782
2679,FDD46,OUT017,2472.867139521393
2680,FDI34,OUT019,751.342416415406
2681,NCJ17,OUT035,1459.7775874697174
2682,FDB52,OUT035,3992.6362947286616
2683,FDV55,OUT018,1885.9237865879127
2684,FDC57,OUT046,3255.7156178376845
2685,FDB29,OUT046,1860.6872793803782
2686,NCO43,OUT035,1671.9922447131935
2687,FDG44,OUT045,859.6402888359119
2688,FDJ34,OUT045,2116.5523558875075
2689,FDH40,OUT049,1272.982775642441
2690,NCD07,OUT027,3067.4612346289778
2691,FDB41,OUT017,772.1233566802591
2692,FDH47,OUT018,1395.2748997180333
2693,DRK37,OUT035,3338.145095512664
2694,FDM25,OUT019,478.16350014845307
2695,NCX06,OUT045,3072.2898470319833
2696,NCS05,OUT017,2134.137542326845
2697,FDS39,OUT045,2115.6384233129043
2698,FDC47,OUT027,5691.712871582096
2699,FDG20,OUT013,2976.9377555563337
2700,DRL23,OUT017,1645.3443503691988
2701,FDY33,OUT013,2699.9110775561885
2702,NCH18,OUT045,3840.4255698590705
2703,FDX47,OUT035,2689.1792243718196
2704,NCB06,OUT045,2674.4886797246327
2705,FDP36,OUT049,808.5547193146035
2706,FDW44,OUT018,2698.017610339636
2707,NCU41,OUT018,2989.1299081555453
2708,NCS17,OUT046,1551.871353834963
2709,FDD46,OUT035,2679.6922474321973
2710,FDE45,OUT017,2989.84636088071
2711,FDI09,OUT017,3827.7523927075945
2712,NCJ54,OUT010,763.8126792488172
2713,NCA29,OUT018,2685.4227162651737
2714,NCN41,OUT027,3467.2614445242034
2715,FDY34,OUT035,2754.5265615849507
2716,NCG55,OUT035,1914.5442363342138
2717,DRM49,OUT046,788.9560847872237
2718,NCB42,OUT049,1874.0521747574778
2719,FDE58,OUT045,1859.9323359885032
2720,DRJ25,OUT013,799.1305782913018
2721,FDS47,OUT010,189.6947125065733
2722,FDY21,OUT049,3318.83730108691
2723,NCI54,OUT013,1779.1196900466127
2724,FDO24,OUT017,2696.993899564716
2725,FDY43,OUT035,2872.4254358073717
2726,FDF35,OUT018,1482.6423347122036
2727,NCP29,OUT019,160.35623326709674
2728,FDN28,OUT027,2630.1749956812405
2729,FDJ50,OUT018,775.3256944936584
2730,FDQ14,OUT027,3969.539999021908
2731,FDC37,OUT035,1763.131588614621
2732,FDN08,OUT046,1860.6872793803782
2733,FDD04,OUT035,2190.4546053996146
2734,FDW34,OUT018,3455.1587250216103
2735,FDP04,OUT017,1096.6701085341815
2736,NCG07,OUT017,3173.486131524222
2737,NCN14,OUT018,2878.125334490007
2738,FDJ16,OUT045,916.0713847436425
2739,NCM42,OUT045,1722.1496004071244
2740,NCF19,OUT046,804.7575088553469
2741,FDY21,OUT018,2982.0881648219824
2742,FDY19,OUT035,1919.9356252384923
2743,FDV09,OUT045,2442.328519789798
2744,FDA28,OUT013,2137.054720318318
2745,FDC38,OUT018,1883.5680401910547
2746,FDL28,OUT045,3780.8726970163534
2747,NCH43,OUT049,3454.6710855198753
2748,NCN53,OUT045,779.9392238640628
2749,NCW05,OUT017,1713.3654876337023
2750,NCO30,OUT018,2868.5387298907353
2751,FDT04,OUT019,43.25895222638928
2752,FDB27,OUT018,2989.1299081555453
2753,NCK07,OUT013,2694.991044155443
2754,NCA53,OUT013,801.9771059298721
2755,FDB33,OUT018,2445.075709372503
2756,FDU37,OUT017,1270.8205410428432
2757,FDR13,OUT035,1926.5760745395444
2758,FDE45,OUT049,2979.029339803029
2759,FDV37,OUT017,3296.5225433950914
2760,FDX44,OUT019,190.62493267617356
2761,NCL06,OUT017,3866.5422895983374
2762,FDJ28,OUT045,3188.8932265695657
2763,FDX55,OUT049,3460.062474424153
2764,NCK17,OUT018,711.5240564859887
2765,FDH52,OUT035,1150.793187046714
2766,FDN13,OUT027,2644.571300364767
2767,FDK44,OUT018,2687.967577530882
2768,FDU16,OUT046,1264.8210257735827
2769,FDZ07,OUT017,1027.0261775691358
2770,NCN06,OUT027,4351.266918102527
2771,FDH02,OUT010,210.34681088556044
2772,NCW18,OUT045,3787.189721638698
2773,FDH57,OUT013,2129.8512151481336
2774,FDV35,OUT045,2598.8244708505517
2775,NCU29,OUT013,2138.6856490094233
2776,NCP02,OUT046,907.0779616996256
2777,FDN44,OUT013,2695.554100024575
2778,FDX03,OUT018,703.4151915495627
2779,FDR11,OUT010,446.5012168314952
2780,FDA36,OUT046,3170.5415575315656
2781,FDP58,OUT027,5448.315857690915
2782,FDH31,OUT045,1562.9785595177477
2783,FDH34,OUT035,3240.146715641199
2784,FDS13,OUT035,4004.47492279202
2785,FDT01,OUT018,3113.2553994361947
2786,FDY09,OUT049,2979.029339803029
2787,FDV33,OUT027,5957.306374289076
2788,NCW29,OUT010,349.012285342744
2789,NCN17,OUT045,1588.3584436509727
2790,FDX01,OUT046,1855.7672459796327
2791,FDL03,OUT049,3283.160661051702
2792,DRL59,OUT049,852.7570211658176
2793,DRM11,OUT027,5955.637287914366
2794,FDA43,OUT049,3279.0650730163584
2795,FDZ56,OUT010,453.2461963101837
2796,FDI44,OUT018,1062.7089794597127
2797,FDB50,OUT013,1258.7676528248162
2798,FDU15,OUT019,47.75583429424478
2799,NCJ19,OUT019,83.73206312226102
2800,FDD48,OUT013,1867.6036129791692
2801,NCW42,OUT035,3679.046166471502
2802,FDL24,OUT017,2980.865119813846
2803,NCB30,OUT013,3285.4497297733296
2804,FDK25,OUT013,2827.2969287182327
2805,FDW28,OUT049,3279.0650730163584
2806,FDD47,OUT017,2972.627203270997
2807,FDK16,OUT019,190.62493267617356
2808,FDW37,OUT046,1503.4690856645102
2809,FDA48,OUT035,3683.874499506648
2810,FDA14,OUT017,2287.2916225680474
2811,FDV15,OUT013,1604.964846804592
2812,FDN22,OUT049,3913.5124949435285
2813,NCD55,OUT045,782.4138620324522
2814,FDY43,OUT013,2692.707572386005
2815,NCU05,OUT017,1263.6170358726592
2816,FDF10,OUT035,2341.977756949712
2817,FDR39,OUT018,2872.733945585728
2818,FDG40,OUT013,757.7453127014755
2819,FDZ28,OUT019,338.0121273650991
2820,FDE02,OUT045,1558.3199156132719
2821,FDU60,OUT049,2833.7454904965416
2822,FDM21,OUT013,3890.2937297547933
2823,FDV52,OUT019,309.2909630997367
2824,NCW06,OUT013,3267.225122333771
2825,FDX36,OUT035,3738.2227562270036
2826,FDT35,OUT027,4531.500973871202
2827,NCL19,OUT010,342.2786226652054
2828,NCD31,OUT046,2666.0583125497474
2829,FDE53,OUT019,289.18486619128953
2830,FDW58,OUT019,254.79835836415145
2831,DRF48,OUT046,3170.5415575315656
2832,FDW57,OUT035,3052.6260059864517
2833,DRH13,OUT017,1645.3443503691988
2834,FDT33,OUT013,2702.757605194759
2835,DRK47,OUT027,5686.47964458599
2836,FDY22,OUT010,339.5938568632557
2837,FDC35,OUT019,576.3480478108338
2838,FDO03,OUT013,3735.0825765378167
2839,FDF24,OUT045,1273.55305932133
2840,FDF56,OUT018,2719.3800323728274
2841,FDD28,OUT013,866.1639587053944
2842,FDG53,OUT027,3497.087689496282
2843,FDO27,OUT019,200.62125798783381
2844,NCF54,OUT018,2685.4227162651737
2845,FDC20,OUT027,1612.790985424468
2846,FDU10,OUT046,781.4857407648442
2847,DRA24,OUT018,2459.32095787625
2848,FDA02,OUT010,346.63560019681904
2849,FDG10,OUT017,888.1867985588367
2850,FDW39,OUT010,499.5623237176792
2851,FDP04,OUT019,156.16101757210367
2852,NCM55,OUT013,3161.048881703379
2853,FDG47,OUT045,3831.057814080975
2854,NCU41,OUT017,3289.3190382249077
2855,NCK31,OUT017,833.4153296016375
2856,FDZ46,OUT045,1776.2767460910934
2857,FDU13,OUT027,3969.539999021908
2858,NCF19,OUT045,811.2060706336558
2859,NCJ43,OUT013,2994.734445320838
2860,NCJ05,OUT045,2601.670998489122
2861,FDS04,OUT027,3450.018612202107
2862,FDX28,OUT010,224.18534027485043
2863,FDB41,OUT027,1419.9036021175539
2864,FDG53,OUT046,2115.144306308006
2865,FDL15,OUT010,420.9003194750594
2866,FDQ08,OUT049,1028.0248823012248
2867,DRN36,OUT013,1553.5845419255124
2868,FDI46,OUT013,3890.2937297547933
2869,FDG16,OUT027,5448.315857690915
2870,FDV32,OUT013,1088.9741978477682
2871,FDF44,OUT010,346.32751954079436
2872,FDK04,OUT018,787.5763946088487
2873,NCA41,OUT013,3274.8999830074877
2874,FDD51,OUT017,771.4312492047045
2875,NCZ53,OUT045,3188.330170700434
2876,FDP01,OUT027,3947.0639397037057
2877,FDY25,OUT049,3101.222578637679
2878,FDB17,OUT018,2715.0230548412133
2879,NCV54,OUT018,1739.7973469649269
2880,FDJ32,OUT017,1093.8235808956113
2881,FDA37,OUT049,2140.0936985889243
2882,FDG35,OUT035,2932.0358149200115
2883,NCM05,OUT018,3472.135582441279
2884,FDG45,OUT046,3422.789343473623
2885,FDH28,OUT013,771.0304771656529
2886,NCE18,OUT049,3901.0897055708047
2887,FDH38,OUT045,1873.0957352880234
2888,FDR56,OUT013,3310.025546238542
2889,FDH17,OUT027,2555.1611442218405
2890,FDD39,OUT049,3459.4994185550213
2891,FDB41,OUT049,777.4790389439618
2892,NCR53,OUT046,3621.65990381591
2893,FDX46,OUT017,919.6323957406732
2894,FDV28,OUT049,764.322926086207
2895,FDA08,OUT018,2449.4326869041165
2896,FDH45,OUT017,772.1233566802591
2897,NCS38,OUT010,299.3261710923439
2898,FDD40,OUT010,563.4819887400504
2899,DRM59,OUT035,2681.9757192016355
2900,NCJ43,OUT018,2731.7949533932556
2901,NCN29,OUT013,801.9771059298721
2902,NCC19,OUT045,3280.3198323016964
2903,FDR56,OUT035,3355.508266838351
2904,FDZ43,OUT049,3884.665462160616
2905,FDJ32,OUT010,149.605568868506
2906,DRH03,OUT017,1512.8781844414727
2907,NCZ54,OUT035,2739.085139871918
2908,FDE26,OUT017,2287.2916225680474
2909,FDS03,OUT045,1087.7551267621172
2910,DRZ24,OUT019,324.94576288766007
2911,FDO48,OUT027,5544.874767314426
2912,FDW39,OUT049,3011.028946959968
2913,NCK05,OUT049,1097.7062313955153
2914,NCK30,OUT017,3866.5422895983374
2915,FDT27,OUT018,3435.5250937157275
2916,FDS08,OUT019,463.91825164470583
2917,NCJ19,OUT049,872.0494646145712
2918,FDC58,OUT045,787.8052509367305
2919,DRE37,OUT013,3161.048881703379
2920,FDW02,OUT035,2224.860839199166
2921,FDJ02,OUT010,405.23516364203874
2922,FDX09,OUT045,2952.0784135939093
2923,FDT31,OUT010,529.8675494429556
2924,FDI24,OUT049,2975.6197562953266
2925,FDY09,OUT045,2954.92494123248
2926,FDV28,OUT045,768.9560828018352
2927,DRM47,OUT049,3281.3485447857965
2928,FDT52,OUT019,771.6860535827873
2929,FDI48,OUT018,779.682672025272
2930,FDY55,OUT017,3890.6734924976845
2931,FDU48,OUT013,2126.4416316404318
2932,FDN25,OUT045,855.4008106068818
2933,FDP20,OUT049,2136.2997769264425
2934,FDJ15,OUT013,3171.098914512133
2935,FDD04,OUT018,1892.965529921476
2936,FDY58,OUT045,3759.9901125907236
2937,FDR37,OUT018,2816.2074471776123
2938,FDF44,OUT013,2134.2081926797473
2939,FDD32,OUT045,1274.1161151904619
2940,FDR57,OUT017,2642.822706898603
2941,DRG39,OUT027,1607.5577584283624
2942,FDX15,OUT017,2691.6025106604375
2943,DRN37,OUT045,2674.4886797246327
2944,FDW40,OUT027,3474.6116301780794
2945,FDB32,OUT049,1515.0404190410704
2946,FDM40,OUT018,1885.9237865879127
2947,FDE39,OUT027,3263.6422517398655
2948,DRH49,OUT017,1266.4635635112295
2949,FDT46,OUT049,808.9887235773131
2950,NCF06,OUT035,3999.8186944586123
2951,FDP07,OUT017,3289.8820940940395
2952,FDC04,OUT013,3879.7955597995556
2953,FDZ32,OUT017,1653.1109114085145
2954,FDD50,OUT045,2829.1916626943557
2955,FDU56,OUT017,3181.7240480670707
2956,FDV34,OUT017,1103.8736137043654
2957,NCY41,OUT013,754.3357291937732
2958,NCK18,OUT046,2666.0583125497474
2959,DRH25,OUT049,852.7570211658176
2960,FDT57,OUT046,3776.5658505244246
2961,FDV56,OUT018,1456.6555052645353
2962,FDV12,OUT045,1565.5234207834558
2963,FDN52,OUT017,1420.6245751666847
2964,FDX38,OUT035,831.831032782688
2965,FDE47,OUT018,1881.0231789253464
2966,NCO07,OUT013,3446.33068617504
2967,FDV09,OUT027,3977.619753656584
2968,FDZ23,OUT019,516.2011134002591
2969,DRH51,OUT018,1247.8868726061414
2970,NCY54,OUT045,2943.4815341298618
2971,DRG49,OUT013,3860.8836411027487
2972,NCC19,OUT049,3304.4242308722455
2973,NCV53,OUT045,3845.2539028942165
2974,FDZ47,OUT019,236.05117492981321
2975,NCO26,OUT018,1621.718393224393
2976,NCP02,OUT045,1020.920305306397
2977,NCW30,OUT018,3516.345392495048
2978,NCN55,OUT046,3810.326724178858
2979,FDB20,OUT010,149.605568868506
2980,DRL11,OUT013,2671.743446965113
2981,DRD60,OUT045,3077.11818006713
2982,FDW14,OUT010,199.74474531532746
2983,FDL27,OUT010,153.85176271807632
2984,FDU09,OUT018,772.6409286917087
2985,DRH36,OUT027,1981.3006249620485
2986,FDP34,OUT027,4218.4852500606785
2987,FDE04,OUT017,2997.049866050894
2988,FDZ57,OUT027,3452.8651398406773
2989,FDF02,OUT010,261.6236761262139
2990,FDG28,OUT045,3834.1085452367256
2991,NCI31,OUT046,764.7909927929645
2992,FDT43,OUT013,832.8855059561633
2993,FDU20,OUT046,2112.9503217477686
2994,FDD53,OUT013,773.7479531978006
2995,FDW15,OUT045,2440.731052548001
2996,NCT53,OUT045,2733.806044953076
2997,NCG55,OUT027,3070.307762267548
2998,FDD48,OUT035,1919.3725693693605
2999,FDG47,OUT049,3881.6147310048655
3000,FDI21,OUT017,1109.7267553585846
3001,FDT27,OUT017,3809.839671891173
3002,DRO35,OUT013,1867.6036129791692
3003,FDD33,OUT017,3827.5025301912065
3004,FDC04,OUT035,3963.789261945749
3005,FDY34,OUT013,2702.757605194759
3006,DRJ49,OUT049,2135.7367210573107
3007,FDE05,OUT049,2152.9007718270477
3008,FDU31,OUT017,3594.564978560546
3009,NCN19,OUT027,5111.87196014668
3010,FDK56,OUT027,5072.16806135349
3011,FDK58,OUT017,1625.8187074345997
3012,NCJ42,OUT035,1660.1433867024857
3013,FDZ34,OUT027,5220.48960026963
3014,FDA52,OUT018,2713.6393007075526
3015,NCR29,OUT013,843.4619317489385
3016,FDT48,OUT035,3563.9943664941893
3017,DRJ51,OUT019,718.5896566265326
3018,NCS54,OUT046,2943.0849905498926
3019,FDV01,OUT035,2675.4527692031675
3020,DRG51,OUT027,4354.271607649271
3021,NCG42,OUT013,2124.4598262438553
3022,FDA51,OUT049,1878.4091522890915
3023,FDV19,OUT010,439.45947349793187
3024,NCT18,OUT045,3069.4433193934133
3025,NCS41,OUT045,3143.3930449111385
3026,FDO03,OUT046,3710.9781779672676
3027,FDL12,OUT010,138.92632304981908
3028,FDY37,OUT010,349.4821278353893
3029,FDI58,OUT049,1519.3973965726843
3030,FDT28,OUT018,2206.659438291396
3031,NCC42,OUT010,346.16575770417376
3032,FDO01,OUT017,2138.3205514715282
3033,FDJ02,OUT013,2292.4922723289587
3034,FDQ04,OUT018,712.515713043937
3035,DRL47,OUT013,2129.288159279002
3036,FDZ32,OUT035,1770.8981496539368
3037,FDC35,OUT035,3499.2856123614683
3038,FDX14,OUT045,1093.1465156663955
3039,FDZ35,OUT013,1640.4949673213557
3040,FDL14,OUT013,2626.530340451546
3041,FDO04,OUT049,853.3200770349497
3042,DRK11,OUT017,2464.2706837607493
3043,FDB44,OUT018,3129.760697692613
3044,FDZ50,OUT049,3174.7009486518714
3045,FDI12,OUT027,2401.5054787411777
3046,FDU43,OUT017,3815.7941166645833
3047,FDD58,OUT010,194.39750045543428
3048,FDB27,OUT017,3289.3190382249077
3049,FDB04,OUT018,1255.0903777763256
3050,NCO17,OUT013,1867.6036129791692
3051,FDL12,OUT017,919.0693398715412
3052,DRJ13,OUT049,2698.593078295182
3053,FDD57,OUT045,1561.7294991209737
3054,FDW19,OUT035,1843.4835405112665
3055,DRD27,OUT018,1423.5013114898288
3056,FDH27,OUT027,3701.587484749301
3057,NCW30,OUT027,5955.651230707932
3058,FDR40,OUT018,1101.6541838266223
3059,FDG05,OUT013,2676.6634803658585
3060,NCY41,OUT019,50.3006955599526
3061,FDI38,OUT018,3115.0500644676677
3062,FDR20,OUT046,781.4857407648442
3063,FDE09,OUT017,1778.1606830295839
3064,FDN50,OUT019,208.85917453068237
3065,DRF27,OUT045,2441.765463920666
3066,DRF51,OUT013,754.3357291937732
3067,NCO02,OUT019,160.35623326709674
3068,FDB51,OUT027,1981.3006249620485
3069,FDJ50,OUT013,846.3084593875087
3070,FDN52,OUT013,1415.775192118842
3071,FDX14,OUT013,1088.4111419786361
3072,FDT27,OUT019,752.992770844691
3073,FDV10,OUT013,771.0304771656529
3074,FDU33,OUT046,778.639213126274
3075,FDU58,OUT046,3178.308118570881
3076,NCP42,OUT027,5228.569354904306
3077,FDL51,OUT027,5445.92915833338
3078,DRH15,OUT027,1397.7171252966596
3079,FDU16,OUT017,1420.6245751666847
3080,FDW15,OUT017,2463.236272388084
3081,FDQ44,OUT045,2112.195378355894
3082,NCI06,OUT027,4910.716136133982
3083,DRK23,OUT019,800.3713245290792
3084,FDC28,OUT035,1833.4335077025123
3085,NCY17,OUT019,54.398460288224214
3086,NCV05,OUT018,2376.453243831985
3087,FDM34,OUT019,330.8086221949152
3088,DRD60,OUT027,5000.659969513376
3089,FDT38,OUT046,1406.2954429889764
3090,FDQ57,OUT018,2035.3734323758347
3091,FDE59,OUT027,1376.3230958960562
3092,NCM43,OUT046,2670.8866455848943
3093,DRI51,OUT049,2856.142588903475
3094,NCG30,OUT017,2126.462681653128
3095,NCK54,OUT035,1914.5442363342138
3096,FDQ16,OUT019,293.90732300201716
3097,FDI36,OUT013,3272.0534553689176
3098,FDX16,OUT027,3974.7732260180137
3099,FDA34,OUT046,2939.3164441209915
3100,FDJ48,OUT018,3443.2885496583667
3101,FDU47,OUT035,2185.414093200807
3102,FDS39,OUT046,2109.1898615345954
3103,FDD11,OUT046,3833.9544727592306
3104,FDM16,OUT027,1964.0577926399517
3105,FDU56,OUT018,2804.8087263124353
3106,FDQ32,OUT017,2141.9041033661606
3107,DRK35,OUT013,770.3383696900983
3108,FDA58,OUT049,3797.7735904167184
3109,DRG48,OUT019,333.9632304895101
3110,FDT59,OUT010,795.1577301834659
3111,FDQ31,OUT019,197.82843784635747
3112,FDS51,OUT018,962.4679344159392
3113,FDW32,OUT027,2406.7387057372835
3114,FDI15,OUT027,5955.637287914366
3115,NCV30,OUT017,1088.432191991333
3116,DRG25,OUT049,3170.3439711202577
3117,FDT02,OUT013,757.1822568323435
3118,FDO33,OUT027,3072.852623533256
3119,FDP38,OUT035,862.0473253334246
3120,FDZ45,OUT035,3388.076989738719
3121,NCA54,OUT027,4910.716136133982
3122,FDU33,OUT017,772.1233566802591
3123,FDN58,OUT017,3815.7941166645833
3124,FDI05,OUT045,1100.9130767057115
3125,FDM57,OUT019,171.64151834842573
3126,NCS42,OUT027,2520.997018826741
3127,FDB57,OUT045,3601.1435009621764
3128,FDC03,OUT045,3261.601123746861
3129,FDZ58,OUT013,1991.7765805543531
3130,NCK29,OUT045,2145.3860132079803
3131,NCR53,OUT045,3637.6751638344617
3132,FDE26,OUT027,3701.587484749301
3133,FDU52,OUT049,2623.4919252902328
3134,FDE41,OUT027,2334.0152719985176
3135,FDU38,OUT018,2920.215932640732
3136,FDA52,OUT017,2994.203338412324
3137,FDW46,OUT046,1094.4645149274027
3138,DRI59,OUT035,3733.86577869539
3139,FDT38,OUT035,1459.7775874697174
3140,FDL33,OUT018,2982.0881648219824
3141,FDQ01,OUT027,5933.161228596164
3142,FDJ08,OUT046,3179.5981371526864
3143,FDQ47,OUT049,760.9133425785046
3144,NCZ18,OUT013,3866.1625268554462
3145,FDE29,OUT017,1019.8226723989519
3146,FDF10,OUT027,3684.3446524272044
3147,FDC48,OUT049,1344.580286757639
3148,FDY58,OUT013,3768.079251142721
3149,NCX30,OUT010,803.0682351130056
3150,FDV11,OUT013,2976.374699687202
3151,FDT46,OUT046,810.1488977596252
3152,DRD01,OUT019,96.89560636015767
3153,FDQ11,OUT013,3927.6847258160105
3154,NCM41,OUT017,1512.8781844414727
3155,NCC55,OUT013,749.507396158627
3156,FDG45,OUT027,5448.315857690915
3157,NCQ54,OUT049,2696.6112728986054
3158,FDM34,OUT045,2109.3488507173233
3159,FDD17,OUT019,744.1389112452221
3160,FDN38,OUT027,5933.161228596164
3161,FDB53,OUT018,2209.5059659299664
3162,NCL06,OUT035,3950.1562290016395
3163,NCV18,OUT019,159.04662427396352
3164,FDX25,OUT013,3094.77401685937
3165,FDB39,OUT046,844.5952712969593
3166,FDC33,OUT049,3301.6466579875305
3167,NCO14,OUT018,699.0909242481471
3168,FDA58,OUT027,5852.335115553846
3169,NCQ02,OUT017,3176.3326591627924
3170,NCR53,OUT017,3736.7529606266125
3171,FDN52,OUT046,1414.0620040282924
3172,FDG26,OUT046,3858.0856756585777
3173,FDE23,OUT027,1409.2789862171696
3174,DRI37,OUT013,910.772955186751
3175,DRH37,OUT018,2452.117452706066
3176,FDO01,OUT035,2185.2401248138767
3177,FDK45,OUT049,1874.0521747574778
3178,FDP23,OUT049,3462.3459461935918
3179,FDM33,OUT035,3642.9376133259198
3180,FDD36,OUT017,1998.9094353716343
3181,FDL56,OUT017,1413.4210699965008
3182,FDT27,OUT010,778.0579277525644
3183,FDG52,OUT017,771.9943050738366
3184,NCL42,OUT035,3958.960928910603
3185,DRJ24,OUT046,3136.9444831328296
3186,FDV38,OUT046,841.748743658389
3187,FDT35,OUT045,2836.39516786454
3188,FDY51,OUT045,3543.6390813301514
3189,FDC37,OUT017,1645.3443503691988
3190,NCP43,OUT013,3094.77401685937
3191,FDO33,OUT045,1859.9323359885032
3192,FDW04,OUT018,1883.7298020276755
3193,NCC31,OUT046,2590.3941036756664
3194,FDK22,OUT049,3462.9090020627236
3195,FDJ50,OUT017,847.401338902115
3196,FDV13,OUT017,1422.9080469361234
3197,DRL60,OUT017,2464.2706837607493
3198,FDW03,OUT017,1683.7566849948928
3199,FDY27,OUT035,3078.4565193458716
3200,FDB39,OUT027,1607.5577584283624
3201,FDU59,OUT045,2705.2392264847986
3202,FDZ57,OUT049,2143.5032820966267
3203,FDO21,OUT049,3672.392651082897
3204,FDS43,OUT018,2873.930118795014
3205,FDU28,OUT010,543.6666541140153
3206,FDC51,OUT010,356.2157905129279
3207,FDW16,OUT010,200.45853991342688
3208,FDP32,OUT010,338.8733261523255
3209,FDB60,OUT019,528.3667990234228
3210,NCQ30,OUT046,1965.127320718096
3211,FDD26,OUT049,3174.7009486518714
3212,FDI44,OUT045,1093.7095715355276
3213,DRH23,OUT046,863.8877147457129
3214,FDO44,OUT046,1769.8281843127847
3215,FDG04,OUT046,3140.3540666405315
3216,FDM32,OUT027,2529.23493536959
3217,FDM09,OUT013,2827.8599845873646
3218,FDZ47,OUT013,1560.7880470956964
3219,FDM40,OUT027,3494.2411618577116
3220,FDY48,OUT017,1588.4724530110564
3221,NCM30,OUT045,779.567334393882
3222,FDX36,OUT010,744.6439465380665
3223,DRF03,OUT017,774.2777768432748
3224,FDN51,OUT049,3907.7301548718565
3225,FDM57,OUT049,1349.5003201583847
3226,FDB35,OUT049,1513.442951799274
3227,FDY13,OUT027,2152.1536513068104
3228,FDA37,OUT017,2138.4945198584587
3229,NCX53,OUT017,2143.535032057266
3230,FDD59,OUT018,1100.458010617337
3231,FDX10,OUT019,43.38800383281159
3232,FDC03,OUT018,2996.3334133257295
3233,FDW43,OUT035,3741.632339734706
3234,FDW10,OUT046,2855.2723624836963
3235,FDY14,OUT027,5955.637287914366
3236,FDV43,OUT045,784.9587232981603
3237,FDO40,OUT013,2459.9843565820383
3238,FDP46,OUT027,2526.38840773102
3239,NCE43,OUT019,435.82210373698535
3240,FDD05,OUT035,2046.392064583115
3241,FDJ60,OUT010,446.5012168314952
3242,DRE27,OUT018,1393.4627834521277
3243,FDO11,OUT035,3999.8397998988457
3244,DRG11,OUT027,2871.5883541104004
3245,FDK33,OUT010,602.6093779279925
3246,DRM23,OUT045,2829.1916626943557
3247,FDJ02,OUT027,3681.9579530696687
3248,NCZ05,OUT045,1642.3838133705449
3249,NCL30,OUT013,2124.4598262438553
3250,FDZ19,OUT018,2734.339814658964
3251,FDM45,OUT049,2005.428647502846
3252,FDO36,OUT046,2947.913323585039
3253,NCK31,OUT045,816.034403668802
3254,DRJ37,OUT045,2598.8244708505517
3255,FDP24,OUT018,1748.3399332358442
3256,FDF46,OUT013,1865.3201412097305
3257,FDX46,OUT019,100.10758287174212
3258,NCL18,OUT045,3249.569285541531
3259,FDJ26,OUT013,3450.6876637066534
3260,FDJ07,OUT045,1856.8244188536632
3261,FDY15,OUT013,2623.6838128129757
3262,DRG01,OUT045,1095.9930433049658
3263,FDF58,OUT045,1096.5560991740979
3264,FDZ14,OUT019,345.0538706986624
3265,FDP31,OUT049,1099.6057687707605
3266,FDH45,OUT013,771.0304771656529
3267,FDA09,OUT010,496.18691372276317
3268,FDW31,OUT035,3398.127022547473
3269,FDA57,OUT046,781.3566891584217
3270,NCE55,OUT035,3040.0311119119892
3271,FDC17,OUT019,577.544221020119
3272,FDC59,OUT013,1090.2232582445417
3273,FDA22,OUT013,2686.7531276125947
3274,FDK52,OUT035,3731.5823069259523
3275,NCM26,OUT046,2595.2224367108133
3276,NCT53,OUT035,2803.230838135507
3277,FDW45,OUT018,2209.5059659299664
3278,NCI18,OUT035,3729.037445660244
3279,FDE38,OUT018,2482.8679994662316
3280,FDF08,OUT019,187.2263722761245
3281,FDY58,OUT010,736.6130702008427
3282,FDF58,OUT019,156.16101757210367
3283,FDX39,OUT017,3472.1285558986083
3284,FDB44,OUT049,3493.659548822889
3285,FDF28,OUT013,2137.054720318318
3286,FDE39,OUT013,1867.6036129791692
3287,FDT37,OUT018,3491.047501138086
3288,FDZ45,OUT017,3446.8173895607506
3289,FDO40,OUT035,2511.7533129722297
3290,FDM57,OUT027,2406.7387057372835
3291,DRG36,OUT017,2970.8150870050918
3292,FDY36,OUT010,159.49383984063957
3293,DRL60,OUT027,3972.386526660478
3294,FDS25,OUT019,308.1525715057644
3295,DRF49,OUT027,3067.6193965371504
3296,FDP16,OUT045,3845.816958763349
3297,FDS60,OUT049,3010.8650893057747
3298,FDU15,OUT027,1412.1255138557399
3299,FDK43,OUT046,2099.7923718041743
3300,FDN25,OUT046,916.2632722663855
3301,FDE53,OUT049,1647.5065849687965
3302,FDB22,OUT013,2617.043363511924
3303,FDE39,OUT017,1998.9094353716343
3304,FDX35,OUT035,3858.849970960797
3305,NCG54,OUT049,2821.713652291211
3306,FDH27,OUT035,2334.211195910396
3307,NCK42,OUT013,3441.502353139894
3308,FDS25,OUT049,1722.168171534352
3309,FDI10,OUT018,2695.171082701066
3310,FDU35,OUT035,1643.4254262449165
3311,FDI04,OUT017,3454.0208947309347
3312,DRK23,OUT035,3973.7243760318543
3313,FDB53,OUT019,379.8279953240258
3314,FDY02,OUT049,3912.9494390743967
3315,FDM60,OUT035,762.19570517377
3316,NCJ31,OUT010,788.7671433988021
3317,DRP35,OUT017,2131.2910146882746
3318,NCQ30,OUT018,1873.9814355917833
3319,DRL11,OUT010,439.29771166131127
3320,FDU01,OUT013,3171.098914512133
3321,FDR39,OUT035,3072.4386792754176
3322,FDO08,OUT046,2675.80667898564
3323,FDC02,OUT045,3764.8315276484173
3324,NCZ29,OUT035,2178.210588030623
3325,FDF29,OUT010,349.1740471793646
3326,FDZ23,OUT017,3185.5179697295525
3327,NCU53,OUT018,2508.5882902959384
3328,NCW30,OUT013,3941.5452831421253
3329,NCM26,OUT027,4216.098550703143
3330,FDV50,OUT027,3467.2614445242034
3331,FDW15,OUT049,2290.702917564419
3332,FDI35,OUT027,4995.268580609098
3333,FDO11,OUT017,3916.225860495543
3334,FDN48,OUT046,1503.4690856645102
3335,NCA17,OUT049,2465.869862491215
3336,NCN54,OUT013,1256.78584742824
3337,FDP22,OUT013,799.8226857668565
3338,NCB54,OUT035,2178.210588030623
3339,FDD08,OUT045,771.8026104404055
3340,DRM48,OUT010,46.591774494925176
3341,FDG41,OUT027,2966.7209743176436
3342,FDE44,OUT027,1472.5856799016835
3343,FDE26,OUT035,2187.608077761044
3344,NCS38,OUT013,1862.7752799440225
3345,NCJ54,OUT018,3447.395269078971
3346,FDI40,OUT019,198.9709035585488
3347,FDN45,OUT018,3298.4437671438673
3348,FDU43,OUT046,3777.378768909945
3349,FDI04,OUT010,553.9066698718073
3350,NCC07,OUT018,1444.060611190073
3351,NCC07,OUT019,249.40696945987315
3352,NCD18,OUT045,3768.277802941891
3353,FDU55,OUT035,3993.1993505977935
3354,FDX59,OUT035,743.2174854324521
3355,FDR52,OUT049,3217.3546026717286
3356,NCP17,OUT013,1091.2576696172064
3357,FDQ32,OUT045,2112.195378355894
3358,NCT17,OUT049,3170.3439711202577
3359,FDO10,OUT049,927.8346056429461
3360,FDE32,OUT049,764.1938744797844
3361,FDN44,OUT045,2677.898263232335
3362,FDH02,OUT035,1462.6241151082877
3363,FDK60,OUT013,1587.9800474948272
3364,FDS24,OUT019,194.2681156096878
3365,FDL03,OUT010,573.231001968983
3366,FDB46,OUT027,5425.839798372712
3367,FDO48,OUT049,3671.829595213765
3368,FDZ39,OUT049,1648.7556453655702
3369,FDT02,OUT027,1384.5610124389048
3370,FDC50,OUT013,1553.5845419255124
3371,FDP39,OUT035,853.8094087905761
3372,DRG15,OUT018,901.8918147150698
3373,FDP10,OUT018,1446.605472455781
3374,FDF53,OUT027,4980.570609552709
3375,FDN34,OUT045,2839.8047513722418
3376,FDK02,OUT045,1973.557687892981
3377,FDC23,OUT045,2948.9704964590696
3378,FDJ10,OUT019,338.0121273650991
3379,FDE53,OUT035,1763.6946444837529
3380,FDR25,OUT035,3980.9278812020384
3381,FDW50,OUT046,2668.040117946324
3382,FDS09,OUT049,836.6165917023245
3383,FDW49,OUT010,496.02515188614257
3384,FDU51,OUT046,2946.8789122123744
3385,FDF28,OUT018,1886.5763296662458
3386,NCY30,OUT018,2701.04440663309
3387,FDD44,OUT045,3862.955578019638
3388,FDX09,OUT017,2986.9998332421396
3389,NCF30,OUT013,2121.6132986052853
3390,FDZ50,OUT019,516.2011134002591
3391,FDW37,OUT013,1410.8551587180964
3392,FDD11,OUT049,3900.526649701673
3393,DRH39,OUT018,965.0127956816473
3394,FDA36,OUT049,3201.094517880423
3395,NCG43,OUT049,1506.8025024982219
3396,FDF02,OUT035,1689.4173960729765
3397,FDP57,OUT027,2649.804527360873
3398,NCE42,OUT017,3731.753651955024
3399,NCR38,OUT027,5936.739312011125
3400,FDP03,OUT019,339.6624817943841
3401,FDO51,OUT035,756.8043162694917
3402,NCQ42,OUT046,2100.355427673306
3403,NCM41,OUT046,1506.3156133030802
3404,FDH48,OUT027,2423.9815380593805
3405,DRF60,OUT046,3757.0908759584854
3406,FDJ27,OUT035,1634.3576149807402
3407,FDQ14,OUT013,2456.574773074336
3408,FDN27,OUT017,1864.041111097233
3409,NCQ02,OUT046,3177.053275886978
3410,FDJ33,OUT049,2140.656754458056
3411,FDP07,OUT027,5231.114216170014
3412,DRE01,OUT049,3876.8989011213
3413,FDU36,OUT045,1599.2383711810548
3414,FDL28,OUT017,3765.0227747688896
3415,NCX53,OUT046,2114.581250438874
3416,FDZ39,OUT013,1642.3070835872613
3417,NCP42,OUT013,3270.071649972341
3418,FDJ14,OUT035,1317.7401143851916
3419,FDK04,OUT049,850.4735493963794
3420,NCC19,OUT017,3315.2412519499267
3421,FDS09,OUT018,751.5804658274699
3422,FDZ02,OUT046,1589.113387042848
3423,FDD35,OUT018,1881.0231789253464
3424,NCY42,OUT017,2149.5866265522013
3425,FDB05,OUT045,3883.375877656414
3426,FDF20,OUT035,3351.1512893067375
3427,NCO41,OUT018,1396.309311090698
3428,FDC40,OUT027,2252.264500486468
3429,FDV58,OUT045,3179.9812649148935
3430,FDZ57,OUT045,2119.3988835260775
3431,DRM35,OUT046,2945.066795946469
3432,DRN36,OUT018,1393.4627834521277
3433,FDQ13,OUT046,1336.4185368887806
3434,DRO35,OUT010,311.7593033301855
3435,NCD43,OUT035,1687.4355906764001
3436,FDA51,OUT018,1641.3550306324187
3437,NCX17,OUT027,5847.1018885577405
3438,NCZ17,OUT049,776.7869314684071
3439,FDR11,OUT027,4328.949020692497
3440,FDW34,OUT049,3896.373875687239
3441,FDN50,OUT017,1520.0816896116567
3442,FDS09,OUT046,807.4314217274775
3443,FDS48,OUT018,2216.547709263529
3444,FDL44,OUT049,2702.0026618028837
3445,DRF48,OUT018,2908.875881250172
3446,FDA14,OUT018,2042.4151757093978
3447,NCD30,OUT049,1558.051298307245
3448,FDI16,OUT017,831.2609094386219
3449,NCG06,OUT035,3969.0681476984464
3450,DRZ24,OUT035,2042.9824810754126
3451,NCS17,OUT045,1558.3199156132719
3452,FDB37,OUT045,3852.4574080644006
3453,FDE10,OUT035,2196.8570766000207
3454,FDC57,OUT045,3262.164179615993
3455,FDM12,OUT018,2885.3288396601906
3456,FDE24,OUT049,2142.2876831491617
3457,FDW22,OUT045,3559.6435589123157
3458,DRD01,OUT027,1582.2351714715892
3459,NCZ18,OUT027,5936.739312011125
3460,FDN49,OUT045,784.5247190354507
3461,FDR22,OUT035,1919.9356252384923
3462,FDV08,OUT019,47.3567169546609
3463,FDY39,OUT046,3198.0739646271777
3464,FDV36,OUT049,2135.7367210573107
3465,FDO60,OUT045,787.2421950675985
3466,FDU04,OUT027,3475.34119915888
3467,FDR20,OUT027,1422.7501297561244
3468,FDW19,OUT019,301.1108281722011
3469,FDU40,OUT049,3191.554111323024
3470,FDK15,OUT045,1552.9285267089933
3471,DRF15,OUT035,2511.190257103098
3472,FDQ25,OUT017,2980.865119813846
3473,FDI48,OUT019,96.89560636015767
3474,FDS49,OUT046,1086.6979538880867
3475,FDV22,OUT046,2655.40560943388
3476,NCV42,OUT046,1777.086650516995
3477,FDX26,OUT046,3136.9444831328296
3478,FDI33,OUT018,1340.865299586682
3479,FDZ14,OUT049,2142.940226227495
3480,FDG10,OUT013,887.0939190442305
3481,FDM38,OUT018,748.4787165851264
3482,FDG26,OUT027,5974.549206611173
3483,FDH46,OUT035,1643.1585873927206
3484,FDN13,OUT018,1420.6547838512586
3485,FDU57,OUT035,2516.1102905038433
3486,NCI06,OUT046,2943.0849905498926
3487,FDM38,OUT045,866.2807381369637
3488,NCG42,OUT010,333.73262546633214
3489,FDL39,OUT045,2991.6894861275223
3490,FDT31,OUT019,514.2445196745282
3491,FDV59,OUT013,3446.33068617504
3492,FDB49,OUT035,1642.5955315235888
3493,FDD58,OUT049,1587.788159972084
3494,DRN59,OUT046,777.9471056507193
3495,FDX48,OUT049,2632.978902229855
3496,FDQ11,OUT049,3943.6999858345616
3497,FDY12,OUT049,857.1139986974313
3498,FDQ11,OUT045,3893.1430689106714
3499,DRI11,OUT017,1872.452996027012
3500,FDY32,OUT027,4356.658307006805
3501,FDS51,OUT045,1020.357249437265
3502,FDR19,OUT010,339.5938568632557
3503,DRB13,OUT018,2961.0165122096514
3504,FDS21,OUT035,1150.793187046714
3505,FDQ40,OUT045,2962.128446402664
3506,NCE55,OUT013,2964.3428614818713
3507,FDX43,OUT027,4356.658307006805
3508,FDS12,OUT049,2132.8901934187406
3509,DRK01,OUT027,2569.557448905367
3510,FDN25,OUT017,851.7583164337286
3511,FDB60,OUT046,3250.7955844369385
3512,FDQ13,OUT017,1342.9811080271731
3513,DRK13,OUT045,3254.397618576677
3514,DRF25,OUT018,695.5214159896636
3515,NCD42,OUT019,54.398460288224214
3516,FDW25,OUT045,1379.4673170268784
3517,NCV29,OUT027,4829.9072734993315
3518,NCK42,OUT035,3526.7573018102544
3519,DRJ13,OUT027,4351.4250800107
3520,DRD15,OUT017,3808.0275556252673
3521,FDM27,OUT045,2600.636587116457
3522,FDZ50,OUT018,2885.3288396601906
3523,FDC04,OUT046,3829.2386428756654
3524,FDF50,OUT049,3337.819382375669
3525,FDP15,OUT045,3831.057814080975
3526,FDK46,OUT035,3974.2874319009866
3527,FDZ56,OUT018,2573.0246164036785
3528,FDY60,OUT049,2152.337715957916
3529,FDB10,OUT035,3892.2045508977017
3530,FDR57,OUT045,2620.31748705852
3531,FDU58,OUT049,3208.861078919739
3532,FDH02,OUT046,1416.3454757977308
3533,FDP48,OUT013,3101.977522029554
3534,FDI46,OUT035,3974.2874319009866
3535,FDW56,OUT013,3272.6165112380495
3536,NCM19,OUT010,306.42569604122014
3537,FDS50,OUT027,5624.236434354505
3538,FDK24,OUT013,770.3383696900983
3539,FDO36,OUT017,3019.407400605568
3540,FDK45,OUT027,3070.4659241757204
3541,NCL05,OUT045,787.2421950675985
3542,FDL32,OUT018,1634.3132872988554
3543,FDA28,OUT049,2143.5032820966267
3544,FDY36,OUT018,967.8593233202175
3545,FDP32,OUT018,1887.4062243875735
3546,FDL50,OUT046,2112.3872658786368
3547,DRC24,OUT049,2465.869862491215
3548,NCS18,OUT017,1711.3836822371259
3549,FDD16,OUT017,1096.6701085341815
3550,NCV18,OUT013,1403.1802980443795
3551,FDX07,OUT046,3147.5575718107157
3552,NCZ05,OUT027,2752.3209760938644
3553,NCI31,OUT013,754.3357291937732
3554,FDK14,OUT049,1344.580286757639
3555,NCR06,OUT045,782.4138620324522
3556,NCF54,OUT049,2970.4324603389814
3557,DRG23,OUT010,395.1851308332846
3558,FDD53,OUT046,781.3566891584217
3559,NCM31,OUT027,3467.2614445242034
3560,FDT16,OUT017,3916.7889163646755
3561,FDR40,OUT035,1321.149697892894
3562,DRG25,OUT017,3181.160992197939
3563,FDT10,OUT035,1055.658173300923
3564,FDY32,OUT013,2692.707572386005
3565,FDN50,OUT035,1559.7977577838212
3566,FDZ35,OUT019,269.0436068678987
3567,NCP54,OUT045,2106.803989451615
3568,NCD07,OUT035,1911.6977086956435
3569,FDS02,OUT018,2999.1799409643
3570,DRN59,OUT018,737.469737448622
3571,DRB24,OUT013,2619.326835281362
3572,FDP37,OUT027,3467.2614445242034
3573,DRB01,OUT018,2920.215932640732
3574,FDR47,OUT046,3247.9490567983685
3575,NCM31,OUT010,339.1814068083502
3576,NCF06,OUT027,5955.651230707932
3577,NCV17,OUT027,3470.107972162774
3578,FDS10,OUT049,2979.029339803029
3579,FDN52,OUT035,1467.5441485090332
3580,FDZ48,OUT013,1864.7570853405987
3581,FDJ48,OUT049,3905.7459339042125
3582,DRB13,OUT027,5089.395900828476
3583,FDV59,OUT017,3473.1629672712725
3584,FDL32,OUT035,1840.6370128726962
3585,FDZ12,OUT035,2187.608077761044
3586,NCR06,OUT027,1400.4054910270575
3587,FDP51,OUT017,1997.8750239989697
3588,FDY22,OUT013,2143.605682410169
3589,FDZ38,OUT049,2856.142588903475
3590,NCO54,OUT035,871.2050015987559
3591,FDR23,OUT035,3044.8594449471357
3592,FDM38,OUT049,867.9939262275132
3593,FDS25,OUT013,1871.9605905107828
3594,FDZ22,OUT013,1338.694780848462
3595,FDZ20,OUT019,793.3295811955159
3596,FDD45,OUT010,194.39750045543428
3597,FDN03,OUT049,3907.7301548718565
3598,NCW30,OUT046,3890.988366218235
3599,FDY24,OUT027,1582.2351714715892
3600,FDJ26,OUT019,588.942941885296
3601,FDM15,OUT049,2467.6819787571203
3602,NCW54,OUT027,1702.4833821175673
3603,FDA23,OUT045,1588.3584436509727
3604,FDA39,OUT019,49.00707138394591
3605,FDZ12,OUT017,2140.6885044186956
3606,NCB42,OUT046,1855.7672459796327
3607,FDL16,OUT046,778.5101615198514
3608,FDO24,OUT019,432.95806326953175
3609,NCP42,OUT046,3245.967251401792
3610,FDR19,OUT018,2039.7304099074483
3611,DRL01,OUT045,3780.309641147221
3612,FDV37,OUT046,3402.5211591950206
3613,FDI41,OUT010,359.16690204190263
3614,FDF58,OUT049,1098.2692872646473
3615,NCF43,OUT018,1880.5323976836344
3616,FDN02,OUT049,3435.437312613937
3617,NCP41,OUT035,1763.131588614621
3618,NCY17,OUT027,1397.7171252966596
3619,FDL58,OUT027,5938.39445559227
3620,NCA30,OUT027,5066.776672449212
3621,FDE46,OUT018,2209.5059659299664
3622,FDY38,OUT035,3891.64149502857
3623,NCH29,OUT027,2572.403976543937
3624,FDO20,OUT045,3862.955578019638
3625,FDP44,OUT018,1426.5167736520502
3626,FDM02,OUT027,2401.5054787411777
3627,FDJ14,OUT027,2252.264500486468
3628,FDH04,OUT010,192.4523137634792
3629,DRK23,OUT046,3839.173756961771
3630,NCW05,OUT046,1706.80291649531
3631,FDF12,OUT049,2288.8908012985135
3632,FDL51,OUT019,588.942941885296
3633,FDN03,OUT018,3474.119803408923
3634,DRJ37,OUT049,2463.023334852645
3635,FDM12,OUT019,525.6432405397052
3636,FDA16,OUT045,3624.690542552158
3637,NCB07,OUT017,3284.4907051897612
3638,NCI17,OUT019,198.8091417219282
3639,FDR51,OUT046,2434.2824907696922
3640,FDJ55,OUT045,3642.3338077389376
3641,NCZ17,OUT013,770.3383696900983
3642,FDU25,OUT013,1021.0132646537838
3643,NCG18,OUT045,1640.4020079739685
3644,DRM11,OUT017,3920.8609833887176
3645,FDH16,OUT035,1557.5142860143828
3646,FDZ04,OUT018,932.1365821309832
3647,NCX53,OUT035,2190.4546053996146
3648,FDX38,OUT027,1487.1522303689362
3649,FDX09,OUT046,2945.629851815601
3650,NCW05,OUT018,1488.0337236164821
3651,NCS41,OUT017,3178.314464559369
3652,FDI26,OUT046,2978.6638703452045
3653,NCZ41,OUT027,3467.2614445242034
3654,NCK06,OUT046,2136.955646033095
3655,FDX23,OUT027,2572.403976543937
3656,NCA42,OUT046,2642.8107153594174
3657,FDC20,OUT049,853.3200770349497
3658,DRC49,OUT018,1892.965529921476
3659,FDX01,OUT013,1867.6036129791692
3660,FDC08,OUT045,3645.4417248737777
3661,FDC02,OUT017,3799.752947296648
3662,FDK10,OUT045,2992.8789931628294
3663,DRC24,OUT013,2619.326835281362
3664,FDW16,OUT019,197.82843784635747
3665,NCU06,OUT018,3395.8923524299116
3666,DRA59,OUT045,3150.5965500813227
3667,FDR24,OUT019,204.8701811799208
3668,DRL35,OUT018,711.5240564859887
3669,FDA49,OUT013,1408.008631079526
3670,NCC55,OUT046,757.116132119248
3671,DRD24,OUT019,331.1167028509399
3672,NCE55,OUT049,2970.79142326018
3673,FDT33,OUT045,2685.1017684025187
3674,NCT53,OUT013,2751.4618817453156
3675,FDS26,OUT046,3839.173756961771
3676,FDL22,OUT018,1340.865299586682
3677,FDP44,OUT017,1650.2643837699443
3678,FDC52,OUT018,2223.7512144337134
3679,FDI53,OUT010,439.45947349793187
3680,FDZ23,OUT046,3144.147988303014
3681,NCT18,OUT013,3087.0991561856536
3682,FDR13,OUT046,1862.9707511498168
3683,FDB09,OUT010,339.12401437061044
3684,FDZ60,OUT013,1708.5161045858595
3685,FDB11,OUT046,3616.268514911632
3686,FDC10,OUT018,1748.501695072465
3687,FDW56,OUT035,3348.3047616681674
3688,FDK14,OUT027,2354.1046319591846
3689,DRE27,OUT027,2569.557448905367
3690,FDA38,OUT017,3936.6461601323194
3691,FDT11,OUT045,3226.284222630783
3692,FDP15,OUT035,3949.593173132507
3693,FDV27,OUT035,1464.4362313741933
3694,FDS36,OUT027,2851.958822430768
3695,FDY40,OUT027,1419.9036021175539
3696,NCF19,OUT049,803.5973346730348
3697,FDF53,OUT045,3082.0382134678757
3698,FDS14,OUT027,4213.252023064572
3699,FDE56,OUT046,1094.4645149274027
3700,FDZ19,OUT035,3076.173047576433
3701,FDZ46,OUT013,1865.3201412097305
3702,FDR16,OUT046,3457.896867765402
3703,FDG29,OUT018,701.6357855138551
3704,NCE30,OUT017,3465.488106597556
3705,FDZ40,OUT046,845.1583271660913
3706,FDG58,OUT018,2373.768478030036
3707,DRH03,OUT013,1556.4310695640825
3708,FDZ47,OUT045,1592.7154211825866
3709,FDV04,OUT018,2426.1850897137865
3710,FDZ10,OUT018,1879.3728244960619
3711,FDG46,OUT017,1880.2195570663278
3712,NCF07,OUT045,1583.5301106158263
3713,FDY44,OUT035,3358.3547944769216
3714,FDB21,OUT013,3861.4466969718806
3715,FDS20,OUT035,3168.17879552005
3716,FDS49,OUT049,1265.216214603125
3717,FDX55,OUT027,5569.737525990165
3718,NCQ02,OUT018,2868.5387298907353
3719,FDR25,OUT013,3896.9341790558447
3720,DRG39,OUT045,851.0438330752681
3721,FDB46,OUT046,3427.1463210052366
3722,NCC30,OUT018,2701.04440663309
3723,FDE58,OUT035,2043.5455369445444
3724,FDC05,OUT019,583.6958635832054
3725,FDY15,OUT046,2651.9960259261775
3726,FDG14,OUT046,2439.673879673971
3727,FDL08,OUT049,3896.373875687239
3728,FDQ47,OUT013,754.4647808001957
3729,FDN12,OUT035,1832.8704518333805
3730,FDW10,OUT013,2879.3767610542454
3731,FDD02,OUT035,1916.5260417307902
3732,FDX35,OUT010,744.5387284455567
3733,FDT35,OUT046,2803.1925301476836
3734,DRN47,OUT019,482.393781920684
3735,FDB11,OUT010,732.0490524636043
3736,FDN20,OUT045,2677.898263232335
3737,FDB59,OUT035,3508.0865847734485
3738,FDJ58,OUT045,2956.0764282043247
3739,FDU60,OUT046,2803.1925301476836
3740,FDS03,OUT049,1089.4683148526667
3741,FDU40,OUT019,521.3250556898595
3742,DRH15,OUT049,776.7869314684071
3743,FDD04,OUT027,3489.007934861606
3744,FDQ01,OUT046,3839.173756961771
3745,FDF28,OUT035,2188.823676708509
3746,FDD22,OUT010,304.7175599966222
3747,FDY19,OUT046,1856.3303018487645
3748,FDN33,OUT035,1575.5977187146486
3749,FDV36,OUT035,2181.0571156691935
3750,FDW01,OUT010,395.1851308332846
3751,FDJ28,OUT049,3281.9116006549284
3752,FDB17,OUT035,3048.269028454838
3753,FDM40,OUT049,2142.8507390182936
3754,FDV46,OUT045,2112.195378355894
3755,FDQ44,OUT049,2001.0716699712323
3756,NCD42,OUT046,764.7909927929645
3757,DRH37,OUT046,2670.8866455848943
3758,FDR10,OUT018,2445.075709372503
3759,NCD06,OUT027,1397.558963388487
3760,FDI53,OUT046,2675.80667898564
3761,FDG16,OUT035,3529.302163075962
3762,DRB25,OUT046,1706.80291649531
3763,FDY09,OUT046,2948.476379454171
3764,FDX48,OUT045,2608.874503659306
3765,FDC03,OUT010,560.6354611014801
3766,FDT47,OUT035,1652.0037494842468
3767,FDW44,OUT027,4604.349819650364
3768,FDT24,OUT017,1100.464030196663
3769,FDT12,OUT019,727.6793298910854
3770,NCS38,OUT035,1911.6977086956435
3771,FDO39,OUT035,3169.427855916824
3772,FDA13,OUT046,777.9471056507193
3773,FDO48,OUT035,3693.9245323154028
3774,DRJ01,OUT017,2727.7444463248817
3775,FDD53,OUT018,704.4823131524254
3776,NCT05,OUT049,3924.65785260102
3777,FDQ51,OUT045,781.9798577697427
3778,FDU60,OUT013,2692.144516516873
3779,FDC59,OUT046,1088.5100701539923
3780,FDP36,OUT035,880.3903121655158
3781,NCM19,OUT017,1788.7974061296022
3782,FDL16,OUT035,759.7831817979093
3783,FDE50,OUT018,2880.971862128577
3784,NCR18,OUT013,768.3565642935223
3785,NCD30,OUT035,1603.3716929191273
3786,FDH31,OUT013,1585.4351862291192
3787,FDD56,OUT019,467.9162662551205
3788,FDC47,OUT049,3765.1825924644654
3789,FDZ21,OUT045,1568.9330042911579
3790,FDM01,OUT049,1624.0083026573634
3791,FDF24,OUT013,1268.8176856335706
3792,FDW23,OUT017,782.3111767347864
3793,FDY52,OUT018,943.0165096610651
3794,DRH37,OUT027,4354.271607649271
3795,DRO47,OUT027,3067.6193965371504
3796,FDR25,OUT049,3912.9494390743967
3797,FDQ24,OUT027,5955.637287914366
3798,DRJ51,OUT018,3440.916482620006
3799,NCU06,OUT035,3886.8131619934234
3800,NCV18,OUT018,1086.2127621135899
3801,NCC06,OUT027,3469.9498102546013
3802,FDZ01,OUT018,1463.6972485980982
3803,FDT14,OUT017,2003.266412903248
3804,FDD11,OUT019,776.2401216297321
3805,FDN09,OUT017,3880.738378411579
3806,NCO18,OUT010,486.4385472868712
3807,FDZ50,OUT045,3081.475157598744
3808,FDS44,OUT013,3827.935685833835
3809,FDI36,OUT045,3276.9792035478495
3810,FDA26,OUT010,614.0080987931694
3811,NCY53,OUT049,1871.2056471189076
3812,FDF32,OUT049,3436.0003684830695
3813,FDF59,OUT010,340.77436879989546
3814,FDB20,OUT046,1087.2610097572187
3815,DRH11,OUT035,906.2057056127376
3816,FDT03,OUT049,3074.595092884075
3817,NCH06,OUT035,3940.0490102137956
3818,FDR55,OUT049,3175.2640045210032
3819,FDI10,OUT035,3025.501221386756
3820,FDZ12,OUT045,2118.1832845786125
3821,FDM12,OUT049,3174.7009486518714
3822,DRB25,OUT045,1713.2514782736189
3823,NCS41,OUT013,3091.9274892208
3824,NCT53,OUT049,2757.9104435236245
3825,NCD55,OUT013,768.3565642935223
3826,FDY08,OUT049,2150.0542441884777
3827,NCP55,OUT049,852.7570211658176
3828,FDA33,OUT013,2296.7317505579886
3829,FDQ33,OUT013,2457.137828943468
3830,FDE45,OUT027,4835.140500495438
3831,FDT26,OUT013,1998.4170298554052
3832,NCV53,OUT049,3855.096303509878
3833,FDK60,OUT027,2547.0813895871643
3834,NCJ29,OUT046,1336.4185368887806
3835,FDI15,OUT045,3855.189016980322
3836,FDX21,OUT013,1781.6645513123208
3837,FDV49,OUT019,819.2832432258863
3838,DRO59,OUT046,1086.6979538880867
3839,FDZ14,OUT045,2118.8358276569456
3840,FDP32,OUT027,3472.4946715203096
3841,FDC33,OUT017,3454.0208947309347
3842,FDT14,OUT010,353.3692628743577
3843,NCN54,OUT027,2151.995489398638
3844,FDR57,OUT027,4198.855718381046
3845,DRK12,OUT046,764.7909927929645
3846,FDX52,OUT049,3289.1151058251126
3847,FDX08,OUT010,491.8299361911495
3848,FDP10,OUT010,254.5819327926506
3849,NCP50,OUT045,1266.349554151146
3850,NCL06,OUT013,3866.1625268554462
3851,FDP25,OUT013,3559.9661364249973
3852,FDE53,OUT013,1641.0580231904876
3853,FDL27,OUT017,1101.595591290853
3854,FDC35,OUT049,3430.0459237096593
3855,DRJ47,OUT010,472.7514922456935
3856,FDD16,OUT018,960.8175799866542
3857,NCN42,OUT049,2286.908995901937
3858,FDC38,OUT027,3467.2614445242034
3859,NCO07,OUT045,3438.2415476230426
3860,FDQ20,OUT049,780.1965149761095
3861,FDI32,OUT046,1853.4837742101945
3862,FDN20,OUT010,468.55627655070043
3863,DRJ51,OUT027,5789.319618776313
3864,FDU08,OUT045,1561.7294991209737
3865,DRN37,OUT019,430.1115356309615
3866,FDD05,OUT010,341.9705420091807
3867,FDW15,OUT046,2434.2824907696922
3868,FDI52,OUT046,2102.9002889390144
3869,DRM11,OUT049,3955.408399361185
3870,NCO06,OUT045,763.5646938975569
3871,FDU38,OUT049,3209.5880416324126
3872,FDU59,OUT018,2480.021471827661
3873,FDJ10,OUT046,2146.7040124689875
3874,FDM13,OUT049,2143.7701209488223
3875,NCJ30,OUT019,417.6784033931199
3876,FDM45,OUT018,1883.7298020276755
3877,FDP36,OUT045,813.3169276366543
3878,NCD30,OUT010,191.85263918972623
3879,FDN48,OUT017,1558.4339249733553
3880,FDY32,OUT049,2699.1561341643137
3881,FDU47,OUT046,2118.938227970488
3882,FDF17,OUT019,536.4654578230704
3883,FDP34,OUT017,2674.3093582435176
3884,FDA47,OUT049,2705.7965834653655
3885,DRD27,OUT027,2572.403976543937
3886,FDW38,OUT045,864.1004798996712
3887,FDZ15,OUT019,327.7922905262303
3888,FDZ03,OUT027,5044.458775039182
3889,NCN19,OUT049,3212.4345692709826
3890,FDG02,OUT035,3281.674257922792
3891,FDS31,OUT035,3178.228828328804
3892,FDW43,OUT019,703.4176021582825
3893,FDZ47,OUT010,235.83474935831237
3894,FDO57,OUT017,2697.5569554338476
3895,NCL07,OUT013,773.1848973286685
3896,NCV42,OUT013,1789.9996175766946
3897,FDP40,OUT017,1976.1525486000921
3898,FDP48,OUT019,516.2011134002591
3899,FDH21,OUT017,2699.8404272032863
3900,NCP02,OUT049,1022.6334933969465
3901,FDK24,OUT049,779.6334591069774
3902,FDC41,OUT045,1093.7095715355276
3903,FDF08,OUT017,1420.6245751666847
3904,FDO49,OUT017,854.6048440722989
3905,FDS56,OUT027,5957.306374289076
3906,FDX46,OUT018,891.1736490216085
3907,FDQ07,OUT013,3564.8861698257433
3908,FDC32,OUT010,193.25503474324296
3909,FDT21,OUT019,783.3944671094105
3910,FDG58,OUT045,2606.5910318898677
3911,FDW14,OUT049,1424.5072256665892
3912,DRA12,OUT027,3470.107972162774
3913,FDV27,OUT013,1412.6672749840018
3914,DRD25,OUT013,1875.6370128706808
3915,DRF48,OUT027,5066.934834357384
3916,FDX24,OUT017,1512.8781844414727
3917,DRJ51,OUT046,3724.499878006233
3918,FDE45,OUT045,2987.89556446504
3919,FDE14,OUT046,1589.113387042848
3920,FDG53,OUT045,2112.195378355894
3921,FDT08,OUT046,2435.879958011489
3922,DRC27,OUT027,5926.790255131455
3923,FDG20,OUT035,3052.6260059864517
3924,FDC21,OUT046,1717.416005173196
3925,FDV31,OUT018,2703.5892678987984
3926,FDB58,OUT045,2128.7963732564986
3927,FDV23,OUT046,2102.3372330698826
3928,FDA25,OUT019,238.90487525541357
3929,FDC15,OUT046,2668.040117946324
3930,FDU47,OUT049,2140.0936985889243
3931,FDE23,OUT013,767.9225600308127
3932,FDS08,OUT013,3000.484797146315
3933,FDW03,OUT027,2727.3000555099534
3934,FDJ60,OUT018,2456.47443023768
3935,FDM34,OUT017,2131.8540705574064
3936,FDW33,OUT013,1638.2114955519173
3937,FDZ40,OUT013,846.8715152566408
3938,FDE33,OUT018,1098.807656188052
3939,NCC06,OUT010,336.5791531049024
3940,FDU11,OUT046,2004.753362802815
3941,FDL44,OUT017,2700.403483072418
3942,NCZ29,OUT017,2131.2910146882746
3943,FDG28,OUT010,815.6631291874678
3944,FDL12,OUT018,898.2153923551718
3945,FDD52,OUT017,1720.5689928038862
3946,FDO15,OUT013,1093.069785883112
3947,NCN29,OUT027,1470.1989805441478
3948,FDW36,OUT013,1708.5161045858595
3949,FDB21,OUT046,3770.1752637397612
3950,FDZ28,OUT013,2127.0046875095636
3951,FDY10,OUT035,1919.9356252384923
3952,DRG39,OUT017,847.401338902115
3953,FDN28,OUT013,1631.8492519168385
3954,FDV15,OUT035,1684.026007168698
3955,DRI13,OUT035,3531.585634845401
3956,FDH20,OUT046,1562.484442512849
3957,FDY51,OUT013,3551.7282198821486
3958,FDE16,OUT013,3422.8316361030884
3959,FDX40,OUT018,685.6331450175301
3960,FDC48,OUT018,1101.4924219900017
3961,FDS14,OUT046,2592.375909072243
3962,FDX56,OUT017,3478.0830006720184
3963,FDI10,OUT046,2830.509661955363
3964,FDI14,OUT013,2135.839121370853
3965,DRM48,OUT013,754.3357291937732
3966,NCH07,OUT027,4351.266918102527
3967,FDY26,OUT013,3453.534191345224
3968,FDD02,OUT027,3249.571710858637
3969,FDM12,OUT046,3144.147988303014
3970,DRF01,OUT010,358.7544519869971
3971,FDV36,OUT046,2105.1837607084526
3972,DRI59,OUT013,3648.61083002503
3973,FDV03,OUT018,2368.2153272891364
3974,FDO39,OUT017,3113.851715981266
3975,NCB07,OUT018,3001.4038762911573
3976,FDH38,OUT027,3070.4659241757204
3977,FDZ13,OUT035,828.9845051441177
3978,NCZ30,OUT046,2111.2353552033883
3979,NCA06,OUT035,738.3891523973059
3980,FDB04,OUT049,1421.660698028019
3981,FDN50,OUT013,1515.2323065638138
3982,NCG06,OUT049,3901.0897055708047
3983,NCY17,OUT018,708.6775288474184
3984,FDC23,OUT046,2942.5219346807608
3985,FDK33,OUT049,3462.9090020627236
3986,FDR03,OUT049,3440.095956518413
3987,FDZ07,OUT045,1100.9130767057115
3988,FDO38,OUT013,1193.1490690902654
3989,FDS59,OUT046,1716.8529493040642
3990,DRM11,OUT019,800.3713245290792
3991,FDX52,OUT027,5211.484684490382
3992,DRJ35,OUT018,816.5249511324132
3993,NCP53,OUT046,3788.524126567436
3994,FDW15,OUT019,388.6818549234947
3995,DRI47,OUT045,2121.029812217183
3996,DRZ11,OUT035,2185.414093200807
3997,FDS02,OUT013,3279.2569605391013
3998,DRD49,OUT018,3440.916482620006
3999,FDW38,OUT049,865.8136679902207
4000,FDR21,OUT019,463.91825164470583
4001,FDE40,OUT013,1095.61464714882
4002,FDI02,OUT045,1782.9171953921455
4003,FDQ04,OUT045,798.6851784668124
4004,FDY14,OUT017,3890.1104366285526
4005,NCT54,OUT046,1547.0430207998163
4006,DRD25,OUT017,1880.4863959185236
4007,DRE01,OUT045,3826.3419841974096
4008,FDJ12,OUT010,614.0080987931694
4009,NCZ05,OUT049,1644.0970014610944
4010,DRB25,OUT019,293.3800818862826
4011,NCC31,OUT045,2649.2592771377263
4012,FDM16,OUT045,1103.7596043442818
4013,DRG11,OUT049,1654.976928991176
4014,FDV24,OUT027,3969.539999021908
4015,FDV43,OUT046,778.5101615198514
4016,FDG05,OUT018,2373.768478030036
4017,FDV23,OUT010,349.012285342744
4018,FDI58,OUT018,1345.222277118296
4019,FDQ11,OUT017,3928.0644885589018
4020,FDC05,OUT027,5224.0162366528
4021,FDF40,OUT013,3879.7955597995556
4022,FDU02,OUT018,3390.145140724312
4023,FDT32,OUT013,3168.8154427426944
4024,NCF06,OUT017,3916.2047550553098
4025,FDT46,OUT013,832.8855059561633
4026,FDR58,OUT010,193.004346524958
4027,FDY04,OUT046,2678.65320662421
4028,FDT58,OUT045,2675.0517355937645
4029,FDE46,OUT049,2466.432918360347
4030,DRH11,OUT017,877.5737098809504
4031,DRI51,OUT046,2825.589628554617
4032,FDC35,OUT017,3440.86294478734
4033,FDP45,OUT035,4000.4028557679776
4034,FDC45,OUT017,2828.3523901035937
4035,FDU01,OUT045,3153.4430777198927
4036,FDJ53,OUT010,339.12401437061044
4037,FDJ46,OUT017,2974.2246705127936
4038,FDX07,OUT013,3171.661970381265
4039,NCI30,OUT049,3872.070568086154
4040,FDE47,OUT027,3464.7165832584956
4041,FDV48,OUT045,1207.9344755867792
4042,FDN16,OUT019,231.86313192185025
4043,FDM52,OUT013,2285.8518230279064
4044,FDA32,OUT027,5451.162385329486
4045,FDH05,OUT017,3815.7941166645833
4046,FDW25,OUT010,184.24590610219434
4047,FDQ09,OUT046,1853.4837742101945
4048,NCM17,OUT010,47.84301158462631
4049,DRM59,OUT046,2606.102364240895
4050,FDV47,OUT027,2351.258104320614
4051,DRE15,OUT035,1143.026626007398
4052,FDS25,OUT010,303.2136891235359
4053,NCZ05,OUT018,1453.647215789344
4054,NCV05,OUT019,417.9763162036422
4055,DRM37,OUT046,3247.9490567983685
4056,FDV58,OUT027,5231.114216170014
4057,FDN22,OUT027,5957.306374289076
4058,NCO06,OUT049,755.9559579369359
4059,FDT56,OUT019,119.71708145993625
4060,FDM02,OUT013,1415.21213624971
4061,FDA09,OUT046,2985.803980218345
4062,NCC06,OUT035,2176.2287826340466
4063,NCL54,OUT049,2970.79142326018
4064,NCB55,OUT017,907.037501666211
4065,FDB12,OUT017,1649.7013279008124
4066,NCA54,OUT049,2973.63795089875
4067,NCS38,OUT049,1866.3773140837611
4068,FDC02,OUT049,3815.388444572308
4069,FDK44,OUT019,460.7127610849366
4070,FDE16,OUT035,3508.0865847734485
4071,NCS05,OUT035,2181.0571156691935
4072,FDZ59,OUT045,2712.4427316549827
4073,FDI20,OUT017,3473.726023140405
4074,FDQ14,OUT046,2432.470374503787
4075,FDF53,OUT017,3116.959633116106
4076,FDW25,OUT017,1452.304760125728
4077,NCQ43,OUT010,296.010183953352
4078,FDX52,OUT013,3282.6665440468037
4079,FDE28,OUT045,3730.1013551206597
4080,FDN15,OUT017,2128.7461534225663
4081,FDO28,OUT017,1996.2818778896192
4082,FDQ33,OUT045,2439.4819921512276
4083,FDM22,OUT010,86.14494196156693
4084,FDJ03,OUT017,800.3525094123306
4085,FDI16,OUT045,855.9638664760139
4086,FDI09,OUT027,5904.314195813251
4087,FDX55,OUT013,3444.047214405602
4088,FDS23,OUT027,3467.2614445242034
4089,DRC12,OUT045,3257.2441462152474
4090,FDH41,OUT049,3462.9090020627236
4091,FDN01,OUT013,2969.1711945170177
4092,FDV55,OUT045,2118.7463404477444
4093,NCJ19,OUT013,865.6009028362623
4094,NCY29,OUT010,85.98318012494656
4095,FDP03,OUT018,1921.980374816749
4096,FDZ52,OUT045,1776.2767460910934
4097,FDH31,OUT010,233.28988809260431
4098,FDQ19,OUT018,3462.362230191794
4099,FDS15,OUT035,1691.229512338882
4100,FDN32,OUT017,3112.602655584492
4101,FDH32,OUT049,1560.5961595729532
4102,FDF33,OUT017,1777.597627160452
4103,FDJ22,OUT046,3179.5981371526864
4104,FDG56,OUT010,156.80907403868991
4105,FDC05,OUT046,3255.7156178376845
4106,FDK09,OUT013,3710.483735399512
4107,NCV29,OUT045,2954.361885363348
4108,NCC43,OUT019,769.1983782961688
4109,NCA42,OUT049,2673.3636757082754
4110,FDC10,OUT046,1860.6872793803782
4111,FDC16,OUT013,1418.0586638882803
4112,NCL17,OUT013,2135.839121370853
4113,FDA51,OUT035,1923.7295469009741
4114,FDW01,OUT017,2461.424156122179
4115,NCF30,OUT045,2103.957461813045
4116,FDN49,OUT013,770.4674212965208
4117,FDY20,OUT045,1517.6842084821349
4118,FDC15,OUT045,2598.8244708505517
4119,FDY24,OUT046,857.6519181213623
4120,NCG43,OUT017,1556.4521195767788
4121,FDA48,OUT013,3645.7643023864593
4122,NCF55,OUT017,764.3267308418854
4123,FDL38,OUT049,1521.6808683421227
4124,NCQ29,OUT018,3472.135582441279
4125,FDC34,OUT017,2681.512863413702
4126,FDP36,OUT027,1551.1508501011704
4127,FDN50,OUT010,210.34681088556044
4128,FDO23,OUT049,1560.0331037038213
4129,FDT56,OUT013,918.539516226067
4130,FDT13,OUT027,5111.87196014668
4131,FDZ03,OUT013,3168.2523868735625
4132,FDQ03,OUT010,778.0579277525644
4133,FDU44,OUT045,2675.0517355937645
4134,FDD03,OUT049,3797.2105345475866
4135,NCH30,OUT013,1859.9287523054522
4136,FDS60,OUT010,522.9814474387615
4137,FDG08,OUT046,2949.6278664260153
4138,FDX38,OUT017,774.4068284496973
4139,FDD22,OUT017,1870.1695242575736
4140,FDW51,OUT013,3476.0468215625406
4141,FDL09,OUT017,2832.7093676352074
4142,FDZ60,OUT045,1713.2514782736189
4143,NCH07,OUT046,2663.2117849111773
4144,NCQ41,OUT049,3281.3485447857965
4145,FDW04,OUT049,2140.656754458056
4146,FDI08,OUT027,5960.870514910472
4147,FDR19,OUT019,350.8515098662074
4148,FDV13,OUT046,1409.141970627547
4149,FDB52,OUT017,3909.0223553253595
4150,FDZ48,OUT027,2983.96380663974
4151,NCO14,OUT049,774.8051260718312
4152,FDZ50,OUT013,3168.2523868735625
4153,FDN27,OUT019,303.7378123588378
4154,FDQ60,OUT013,2144.5250643406976
4155,FDR49,OUT017,771.4312492047045
4156,DRJ35,OUT027,1981.3006249620485
4157,DRI49,OUT017,1263.6170358726592
4158,FDB47,OUT017,3470.8794955018348
4159,FDP37,OUT010,346.16575770417376
4160,FDR26,OUT049,2978.466283933897
4161,FDY31,OUT019,343.64800469602346
4162,FDC11,OUT045,1504.5262585385406
4163,DRP47,OUT035,3992.6362947286616
4164,NCY54,OUT018,2580.0967801013467
4165,FDR27,OUT046,2104.149349335788
4166,FDQ21,OUT019,333.65514983348544
4167,NCQ29,OUT035,3973.7243760318543
4168,FDJ02,OUT046,2268.3878737584096
4169,FDE21,OUT018,1629.9563097672417
4170,FDM39,OUT046,2975.817342706634
4171,FDZ01,OUT017,1595.6759581812403
4172,NCB19,OUT018,1246.333667898382
4173,FDU03,OUT046,3069.6352069161567
4174,FDP27,OUT049,3162.106054577409
4175,DRF01,OUT045,2275.6663302580464
4176,FDM03,OUT049,1709.5732774598896
4177,FDV01,OUT046,2599.579414242427
4178,FDS16,OUT046,2266.1044019889714
4179,FDO45,OUT035,1470.3906761476037
4180,NCX06,OUT035,3075.84826278312
4181,FDP13,OUT046,778.0761572571419
4182,NCR38,OUT018,3440.9626362083686
4183,FDA01,OUT013,917.9764603569349
4184,FDT26,OUT017,1876.8099735586256
4185,FDD44,OUT027,5938.39445559227
4186,FDB26,OUT013,853.5119645576926
4187,FDP45,OUT019,800.5330863656998
4188,NCP55,OUT046,866.7342423842831
4189,FDT23,OUT017,1205.2019573082923
4190,FDO51,OUT045,781.9798577697427
4191,FDA44,OUT046,864.4507706148449
4192,NCJ31,OUT018,3435.4662444031283
4193,FDX37,OUT045,1585.5119160124027
4194,NCD18,OUT049,3778.7031222569944
4195,FDN40,OUT027,4218.4852500606785
4196,FDL33,OUT017,3289.8820940940395
4197,DRF48,OUT035,3309.5782770443866
4198,FDW08,OUT035,1689.9804519421084
4199,FDX39,OUT018,3105.017482893346
4200,FDB38,OUT049,2708.643111103936
4201,FDY46,OUT018,2873.930118795014
4202,NCB06,OUT049,2698.593078295182
4203,FDA34,OUT035,3015.189799081732
4204,FDA35,OUT045,1980.761193063165
4205,FDQ07,OUT035,3650.1411184961034
4206,FDU32,OUT045,2112.195378355894
4207,FDU26,OUT013,2136.491664449186
4208,FDU13,OUT010,359.00514020528203
4209,FDO09,OUT035,3981.4909370711703
4210,FDW03,OUT019,236.36001398970552
4211,FDB38,OUT013,2702.194549325627
4212,FDL26,OUT010,426.2917083793377
4213,NCN43,OUT045,2111.6323224867615
4214,FDH08,OUT045,3792.5811105429766
4215,NCC31,OUT019,425.34428531773005
4216,FDH14,OUT035,2188.260620839377
4217,FDL40,OUT017,1561.8435084810574
4218,FDD20,OUT035,2181.6201715383254
4219,NCV53,OUT035,3963.789261945749
4220,FDD16,OUT045,1096.5560991740979
4221,FDP24,OUT035,2042.9824810754126
4222,FDQ25,OUT045,2958.359899973763
4223,FDM38,OUT035,891.2702396955976
4224,NCT18,OUT010,483.59201964830095
4225,FDM34,OUT049,2133.4532492878725
4226,DRH37,OUT010,439.29771166131127
4227,NCE07,OUT013,2133.8573159742764
4228,FDG12,OUT013,1885.687045679435
4229,FDB59,OUT010,564.3771423695141
4230,FDS10,OUT018,2706.435795537369
4231,FDN21,OUT010,435.1024959663182
4232,FDM02,OUT045,1412.7440047672853
4233,FDO44,OUT049,1871.7687029880394
4234,NCN17,OUT017,1615.2056187567136
4235,FDH16,OUT018,1338.0187719481119
4236,FDL44,OUT046,2671.449701454026
4237,FDY47,OUT017,2138.4945198584587
4238,DRI39,OUT046,841.748743658389
4239,NCX54,OUT018,1444.060611190073
4240,FDE59,OUT046,756.553076250116
4241,FDO46,OUT045,3196.0967317397494
4242,DRE13,OUT046,1420.0218981576286
4243,FDW14,OUT013,1418.0586638882803
4244,FDF35,OUT046,1701.4115275910317
4245,FDO50,OUT019,197.66667600973688
4246,DRF49,OUT017,1869.6064683884417
4247,FDT60,OUT049,2132.8901934187406
4248,FDP38,OUT045,816.034403668802
4249,FDA31,OUT027,4805.169188257172
4250,FDY52,OUT010,152.2014082887913
4251,FDD03,OUT027,5847.1018885577405
4252,FDN52,OUT018,1248.0486344427625
4253,FDU20,OUT010,330.5841544299203
4254,FDD22,OUT035,1833.4335077025123
4255,NCB55,OUT019,87.51268879728013
4256,FDN27,OUT045,1969.0363489301262
4257,FDD16,OUT013,1091.8207254863385
4258,FDW48,OUT046,1259.9009923728372
4259,DRN35,OUT045,768.3930269327032
4260,FDX25,OUT049,3008.590379527887
4261,DRD49,OUT049,3797.2105345475866
4262,FDE21,OUT019,304.93398556812303
4263,FDN44,OUT035,2747.3230564147666
4264,DRC01,OUT049,790.6424382434818
4265,NCK30,OUT046,3815.6056099315556
4266,FDU39,OUT013,908.228093921043
4267,FDB49,OUT013,1563.6345747342666
4268,FDS12,OUT045,2108.7857948481915
4269,FDR57,OUT018,2439.9115448824386
4270,FDX22,OUT027,5428.686326011282
4271,FDC60,OUT013,1548.9859972850322
4272,NCE42,OUT049,3720.9366308773424
4273,NCK42,OUT049,3457.5176131584453
4274,DRE01,OUT017,3861.26340384564
4275,FDE57,OUT018,1888.770314226483
4276,DRK59,OUT019,770.0925732755925
4277,FDB10,OUT027,5852.335115553846
4278,FDQ25,OUT046,2951.911338195454
4279,FDY26,OUT017,3480.3664724414566
4280,FDG28,OUT049,3884.665462160616
4281,FDM14,OUT049,1717.8111940027384
4282,NCH29,OUT049,1599.4798497021802
4283,FDD48,OUT049,1874.0521747574778
4284,FDC17,OUT045,3438.8046034921745
4285,DRH49,OUT027,2277.5870874432408
4286,FDN44,OUT018,2445.075709372503
4287,FDC29,OUT045,1869.9823687972573
4288,DRK01,OUT019,197.66667600973688
4289,FDD48,OUT017,1872.452996027012
4290,FDB59,OUT013,3422.8316361030884
4291,FDY45,OUT010,837.3066568001964
4292,FDX60,OUT035,1244.918025480457
4293,FDT09,OUT010,349.1740471793646
4294,DRB24,OUT018,2376.453243831985
4295,FDL13,OUT035,3898.8450001987535
4296,FDN16,OUT035,1669.8917531383777
4297,FDK57,OUT013,2127.0046875095636
4298,FDO22,OUT027,2260.344255121144
4299,FDC57,OUT010,553.5937177679168
4300,FDZ13,OUT027,1484.3057027303662
4301,FDW27,OUT013,2629.1723514387795
4302,FDX10,OUT049,775.2028536162888
4303,FDY08,OUT018,1893.1272917580966
4304,FDA49,OUT017,1412.858014127369
4305,FDC32,OUT018,1386.4210401185646
4306,FDO04,OUT035,876.5963905030342
4307,NCZ54,OUT013,2687.3161834817265
4308,FDY40,OUT045,787.9343025431531
4309,FDW36,OUT045,1713.2514782736189
4310,FDE11,OUT017,3111.0051883426954
4311,DRE37,OUT045,3185.4836430618634
4312,NCK19,OUT017,3289.3190382249077
4313,FDT19,OUT035,3052.6260059864517
4314,FDE56,OUT045,1075.9885823832774
4315,FDZ57,OUT010,346.32751954079436
4316,FDB35,OUT035,1558.7633464111566
4317,FDF09,OUT010,42.14587058164716
4318,FDO34,OUT046,2799.3986084852017
4319,FDA55,OUT046,3629.426464855226
4320,NCM18,OUT035,1043.0632792264607
4321,FDJ20,OUT019,338.0121273650991
4322,DRQ35,OUT019,337.8503655284785
4323,FDG02,OUT013,3205.9860074926737
4324,NCU29,OUT018,1895.812057560046
4325,FDL27,OUT027,1975.9092360577702
4326,NCA54,OUT035,3042.8776395505597
4327,FDJ32,OUT035,1140.7431542379597
4328,FDB21,OUT019,764.4825484126034
4329,FDR46,OUT035,2334.7742517795277
4330,FDZ32,OUT046,1639.344835099938
4331,DRF36,OUT017,3223.2515903486637
4332,NCU54,OUT017,3465.488106597556
4333,NCI31,OUT017,755.4286087083794
4334,DRA59,OUT035,3236.7371321334967
4335,NCC55,OUT045,766.4112215361272
4336,FDE44,OUT018,730.4279941150587
4337,NCN26,OUT018,1624.5649208629632
4338,FDC11,OUT049,1409.0658039535565
4339,FDV24,OUT035,2547.790475462886
4340,FDR40,OUT019,167.28454081681207
4341,NCQ17,OUT049,2675.3454811048514
4342,FDC46,OUT045,3143.9561007802704
4343,NCM18,OUT046,1081.8696208529404
4344,FDK16,OUT046,1552.4344097040948
4345,FDI28,OUT017,1267.0266193803614
4346,FDS11,OUT018,3312.6890156476143
4347,DRD13,OUT046,1089.544481526657
4348,FDL36,OUT035,1459.7775874697174
4349,FDI27,OUT013,773.313948935091
4350,FDJ53,OUT019,318.94803788245076
4351,FDS44,OUT045,3853.0204639335325
4352,FDE28,OUT046,3757.6539318276177
4353,FDQ33,OUT018,2206.659438291396
4354,FDB37,OUT017,3834.1429794922587
4355,FDQ31,OUT045,1431.3904933366832
4356,NCQ05,OUT046,2435.3169021423573
4357,FDE10,OUT013,2145.0881202098294
4358,FDF38,OUT017,774.4068284496973
4359,FDE50,OUT019,519.0476410388294
4360,DRG37,OUT010,429.13823601790796
4361,NCH06,OUT049,3882.1777868739973
4362,FDY14,OUT045,3855.189016980322
4363,FDO27,OUT017,1571.1259687693428
4364,FDQ19,OUT049,3903.577380857423
4365,FDZ26,OUT019,758.3841597489693
4366,FDN51,OUT013,3891.714894853305
4367,FDK20,OUT035,2188.823676708509
4368,FDD40,OUT018,2999.1799409643
4369,DRI25,OUT018,797.4646655809822
4370,FDH56,OUT017,1877.3730294277575
4371,FDI36,OUT027,5203.404929855706
4372,DRH11,OUT018,805.4980654724939
4373,NCV18,OUT017,1335.3062473534565
4374,DRI01,OUT049,2975.260793374128
4375,DRE48,OUT049,3438.2838402525076
4376,FDS51,OUT035,1045.346750995899
4377,FDM38,OUT017,811.2324369424125
4378,FDB60,OUT027,5228.727516812479
4379,FDY58,OUT035,3853.334199813082
4380,FDY22,OUT045,2125.9498456179285
4381,FDF11,OUT027,5838.146359032066
4382,FDZ51,OUT035,1607.1656145816094
4383,FDQ45,OUT017,3119.806160754676
4384,FDF17,OUT035,3407.62212689661
4385,NCF31,OUT027,3969.381837113736
4386,FDA37,OUT013,2133.6451368106154
4387,FDO51,OUT046,775.5312959914338
4388,FDF34,OUT013,3312.8720738771126
4389,FDD57,OUT018,1389.2675677571349
4390,FDO37,OUT046,3743.4117967030397
4391,FDR49,OUT049,805.5791400696107
4392,FDS39,OUT049,2139.7428218834534
4393,FDI48,OUT027,1582.2351714715892
4394,DRM35,OUT049,2975.6197562953266
4395,FDV57,OUT035,3175.382300690234
4396,FDZ55,OUT013,2726.3046467847407
4397,FDI28,OUT035,1248.3276089881588
4398,FDS21,OUT045,1103.7596043442818
4399,FDT34,OUT013,1641.0580231904876
4400,DRI25,OUT035,876.0333346339021
4401,FDT47,OUT010,206.0404701933728
4402,DRH39,OUT045,1093.1465156663955
4403,NCD54,OUT045,2113.180983156536
4404,FDU16,OUT027,2406.7387057372835
4405,NCW29,OUT045,2111.6323224867615
4406,FDV25,OUT027,5627.0829619930755
4407,FDM56,OUT035,1833.4335077025123
4408,FDZ04,OUT027,1986.5338519581544
4409,FDG59,OUT019,44.9093066556743
4410,FDI56,OUT045,1510.480703311951
4411,FDS33,OUT035,1478.4240760391153
4412,FDC23,OUT049,2973.0748950296183
4413,FDT11,OUT049,3208.2980230506073
4414,FDG17,OUT045,3853.0204639335325
4415,FDZ44,OUT045,1862.7788636270734
4416,FDJ52,OUT013,2695.554100024575
4417,DRI23,OUT046,2668.040117946324
4418,DRE15,OUT010,170.9285058481437
4419,NCF07,OUT013,1578.7947369280669
4420,NCR29,OUT049,872.0494646145712
4421,FDE44,OUT019,44.51018931609042
4422,FDT23,OUT035,1317.7401143851916
4423,NCG06,OUT017,3885.454208295145
4424,NCU41,OUT010,553.4319559312962
4425,FDH46,OUT017,1625.8187074345997
4426,FDV31,OUT013,2969.7342503861496
4427,NCT41,OUT027,4216.098550703143
4428,FDE22,OUT027,4359.504834645376
4429,FDC26,OUT045,1774.6370901617984
4430,DRF51,OUT017,755.4286087083794
4431,NCY53,OUT019,309.1292012631161
4432,FDY21,OUT017,3305.260173895028
4433,FDL27,OUT013,1096.74620824301
4434,FDZ34,OUT049,3303.861175003113
4435,NCF43,OUT010,326.9989627887935
4436,FDC21,OUT035,1770.8981496539368
4437,FDL26,OUT013,2616.480307642792
4438,FDT25,OUT010,327.57586495472947
4439,NCR30,OUT046,1084.7161484915107
4440,DRL23,OUT019,261.8401016977148
4441,NCR05,OUT049,3318.274245217778
4442,NCE19,OUT018,760.0460346172465
4443,FDY07,OUT035,762.6297094364795
4444,FDB10,OUT017,3827.5025301912065
4445,FDP57,OUT013,1638.2114955519173
4446,FDU48,OUT019,337.8503655284785
4447,FDH48,OUT035,1459.7775874697174
4448,FDO33,OUT035,1917.089097599922
4449,NCU29,OUT045,2267.6329303665348
4450,FDW35,OUT046,780.7936332892896
4451,FDH05,OUT010,776.4075733232794
4452,FDP26,OUT049,1646.9435290996646
4453,DRG27,OUT035,759.2201259287772
4454,FDQ33,OUT046,2433.0334303729187
4455,FDH20,OUT010,204.44753326418845
4456,FDV14,OUT046,1506.3156133030802
4457,DRD01,OUT046,848.9522488285729
4458,NCI17,OUT049,1562.8796313423913
4459,FDF39,OUT010,851.5519053039436
4460,FDX37,OUT046,1579.0633542340938
4461,NCX17,OUT035,3801.284005696665
4462,FDN03,OUT013,3891.714894853305
4463,NCS41,OUT010,523.305068893395
4464,FDH34,OUT045,3146.802628418841
4465,NCX53,OUT018,1895.812057560046
4466,FDY31,OUT046,2272.6273519874394
4467,FDD20,OUT017,2134.700598195977
4468,FDE51,OUT045,795.4046465655326
4469,FDV27,OUT046,1410.9540868934523
4470,FDF16,OUT035,2508.906785333659
4471,FDZ02,OUT049,1570.0831365125755
4472,NCK05,OUT045,1093.1465156663955
4473,FDM12,OUT027,5086.549373189906
4474,NCA05,OUT018,2216.547709263529
4475,FDX33,OUT045,2682.2552407639487
4476,FDM25,OUT049,2985.669789104081
4477,FDE41,OUT018,1248.0486344427625
4478,FDW14,OUT045,1415.5905324058558
4479,NCD30,OUT046,1549.8895484383866
4480,FDB23,OUT010,742.0990852723585
4481,FDF45,OUT046,1027.0666376025504
4482,FDW20,OUT017,2134.700598195977
4483,FDF47,OUT045,3541.926285598279
4484,NCR05,OUT019,583.5341017465848
4485,DRB01,OUT046,3136.9444831328296
4486,FDE36,OUT013,2758.6653869154998
4487,FDU56,OUT049,3170.9070269893896
4488,FDB23,OUT049,3666.4382063094868
4489,FDN48,OUT049,1511.6308355333686
4490,FDS43,OUT013,3164.4584652110807
4491,NCN05,OUT013,3163.895409341949
4492,NCL53,OUT049,2978.466283933897
4493,FDL56,OUT046,1406.8584988581083
4494,FDH17,OUT018,1396.4710729273188
4495,FDP37,OUT046,2102.3372330698826
4496,FDG09,OUT019,518.6014972061419
4497,FDA55,OUT045,3645.4417248737777
4498,FDX31,OUT049,3823.8890142837095
4499,FDJ41,OUT045,3874.663991546261
4500,DRC24,OUT045,2601.670998489122
4501,FDQ21,OUT035,2178.599675512825
4502,NCT54,OUT045,1553.4915825781252
4503,FDH08,OUT049,3816.6855091135258
4504,FDY38,OUT018,3448.11998779019
4505,DRM11,OUT010,824.3150093640133
4506,FDG32,OUT049,3615.1978667239714
4507,NCH18,OUT046,3824.410309840519
4508,FDI20,OUT035,3532.1486907145327
4509,FDA33,OUT018,2046.2533599059166
4510,FDN45,OUT013,3646.327358255591
4511,FDT45,OUT010,70.1348710850998
4512,FDR32,OUT035,3841.6257862864586
4513,FDA48,OUT017,3625.4518319325207
4514,FDN23,OUT017,2158.771937118962
4515,NCR18,OUT035,757.2383205322012
4516,FDD45,OUT046,1552.4344097040948
4517,FDI22,OUT018,3097.95828832535
4518,FDT09,OUT013,2137.054720318318
4519,DRC24,OUT027,4216.098550703143
4520,FDT39,OUT046,2448.0089459383444
4521,FDX28,OUT045,1569.7628990124854
4522,FDA50,OUT018,1393.4627834521277
4523,FDT33,OUT027,4337.028775327173
4524,FDQ60,OUT049,2015.745519163796
4525,NCM19,OUT018,1636.9980531008048
4526,FDF40,OUT046,3865.2891808287613
4527,NCI30,OUT035,3940.0490102137956
4528,FDK34,OUT049,3816.6855091135258
4529,FDA38,OUT027,5904.987657520032
4530,FDT02,OUT045,771.2395545712734
4531,FDC11,OUT017,1407.4666252230904
4532,FDD08,OUT046,781.3566891584217
4533,NCS29,OUT046,3839.173756961771
4534,DRI03,OUT010,497.7502074517736
4535,FDK48,OUT035,1143.026626007398
4536,FDM52,OUT049,2466.432918360347
4537,FDP49,OUT035,902.5292832528396
4538,DRA24,OUT046,2678.090150755078
4539,NCJ43,OUT049,3001.183007099147
4540,FDE11,OUT045,3076.0837686944656
4541,FDP01,OUT049,2630.1323745912846
4542,FDQ59,OUT018,1175.1634388673756
4543,FDA43,OUT019,521.3250556898595
4544,FDL14,OUT017,2631.379723499389
4545,FDV50,OUT010,349.012285342744
4546,FDT01,OUT027,5420.606571376607
4547,NCC42,OUT035,2181.0571156691935
4548,FDO28,OUT046,1864.3637017402762
4549,FDD32,OUT019,171.64151834842573
4550,FDV45,OUT035,3240.146715641199
4551,NCW17,OUT019,340.69689316704876
4552,NCJ17,OUT027,2423.9815380593805
4553,NCF18,OUT049,3204.7597085972657
4554,FDP01,OUT045,2606.027976020736
4555,FDH24,OUT045,2654.0876101728727
4556,FDI38,OUT027,5423.453099015177
4557,FDX03,OUT035,753.9577886309214
4558,FDY28,OUT046,3427.1463210052366
4559,FDN34,OUT018,2595.538201814379
4560,FDJ02,OUT045,2448.96896909085
4561,FDW40,OUT019,331.2784646875605
4562,FDX03,OUT017,766.1689119068487
4563,FDE17,OUT027,3952.2971666998114
4564,FDT58,OUT046,2668.6031738154556
4565,FDI38,OUT013,3429.4720854041398
4566,FDW22,OUT035,3741.632339734706
4567,FDS15,OUT027,2944.896579448109
4568,NCX06,OUT013,3089.9456838242236
4569,DRK47,OUT035,3833.8592252471426
4570,FDC23,OUT027,4824.515884595054
4571,FDM56,OUT010,288.9684406197887
4572,FDP21,OUT046,3189.6481699614405
4573,FDP58,OUT046,3533.57826608501
4574,FDA27,OUT019,807.5748296992631
4575,FDK41,OUT019,180.02286710594058
4576,NCH42,OUT046,3771.1744616201468
4577,FDG29,OUT045,784.9587232981603
4578,FDW15,OUT018,2215.5132978908646
4579,FDD28,OUT018,806.6366801602796
4580,FDQ37,OUT049,3278.502017147226
4581,FDC23,OUT035,3042.314583681428
4582,FDV13,OUT035,1469.8276202784718
4583,FDK33,OUT046,3422.789343473623
4584,FDO33,OUT013,1865.3201412097305
4585,FDN21,OUT017,2697.5569554338476
4586,NCW06,OUT027,5225.722827265736
4587,FDI38,OUT035,3514.727034074501
4588,FDC21,OUT027,2857.192049426874
4589,NCS05,OUT046,2105.1837607084526
4590,NCN53,OUT049,772.3304879034417
4591,FDV40,OUT010,152.45209650707625
4592,FDG60,OUT017,3808.0275556252673
4593,NCY30,OUT027,5000.501807605204
4594,FDM40,OUT045,2118.7463404477444
4595,NCO30,OUT046,3065.841285253675
4596,FDK10,OUT046,3109.1867260883027
4597,FDM36,OUT045,2955.513372335193
4598,FDN10,OUT013,1868.166668848301
4599,FDM46,OUT018,1338.0187719481119
4600,FDX50,OUT049,1787.5500572214978
4601,FDP33,OUT045,3855.752072849454
4602,FDO12,OUT045,3257.2441462152474
4603,FDC28,OUT013,1781.6645513123208
4604,FDO31,OUT045,1274.1161151904619
4605,FDX45,OUT035,2668.812319902115
4606,FDV21,OUT049,2133.4532492878725
4607,FDH04,OUT049,1533.1238517413365
4608,NCG54,OUT013,2815.265090512902
4609,FDO13,OUT046,2668.040117946324
4610,FDA09,OUT027,4809.8179135386645
4611,FDC38,OUT017,2131.2910146882746
4612,NCO42,OUT046,2106.732421378227
4613,FDL45,OUT049,2136.2997769264425
4614,NCK31,OUT013,846.3084593875087
4615,FDM39,OUT017,3017.187324133173
4616,FDC22,OUT010,546.3902125977329
4617,FDF46,OUT046,1853.4837742101945
4618,FDQ37,OUT045,3254.397618576677
4619,FDH41,OUT010,599.7628502894222
4620,FDQ04,OUT046,789.3900890499333
4621,NCQ02,OUT027,5111.713798238507
4622,FDJ57,OUT027,5047.3053026777525
4623,NCE07,OUT049,2140.3058777525853
4624,FDE56,OUT013,1025.9332980545296
4625,FDI20,OUT049,3462.9090020627236
4626,FDK36,OUT018,740.3162650871923
4627,FDP08,OUT027,5208.638156851812
4628,FDF44,OUT017,2139.0575757275906
4629,NCU53,OUT017,2756.3112647931584
4630,FDF47,OUT035,3635.270372820637
4631,FDS55,OUT010,388.14338749972126
4632,FDZ52,OUT010,296.53742506908657
4633,FDL04,OUT018,1446.605472455781
4634,NCM26,OUT035,2671.095791671554
4635,FDX43,OUT049,2732.7532085630496
4636,FDP52,OUT049,3733.702500588248
4637,DRK49,OUT045,787.2421950675985
4638,FDE38,OUT013,2725.741590915609
4639,DRF13,OUT035,2337.057723548966
4640,FDK41,OUT010,182.65296917300998
4641,FDJ04,OUT027,3266.028951097401
4642,FDZ44,OUT018,1629.9563097672417
4643,FDS11,OUT013,3652.9678075566435
4644,FDA55,OUT049,3669.546123444327
4645,NCW53,OUT046,3250.7955844369385
4646,FDB49,OUT027,2624.941768685135
4647,FDD23,OUT017,3182.9731084638447
4648,NCV42,OUT045,1784.611812355467
4649,NCZ29,OUT018,1883.5680401910547
4650,FDQ26,OUT013,917.9764603569349
4651,FDV08,OUT017,774.8408327124068
4652,FDC53,OUT049,1590.634687610654
4653,FDV58,OUT010,573.6594602542423
4654,NCP02,OUT019,87.51268879728013
4655,DRI37,OUT045,870.3362765240217
4656,FDQ12,OUT049,3783.531455292141
4657,FDE33,OUT046,1094.4645149274027
4658,FDX27,OUT045,1565.5234207834558
4659,FDM22,OUT017,834.1074370771921
4660,NCH30,OUT019,296.6960690252745
4661,FDC04,OUT017,3880.1753225424472
4662,FDO38,OUT046,1257.0544647342667
4663,FDV52,OUT027,3050.3765642150533
4664,FDB32,OUT013,1556.9941254332143
4665,FDV43,OUT018,701.6357855138551
4666,FDI24,OUT018,2710.6310112323617
4667,FDR40,OUT017,1274.2301245505455
4668,FDW02,OUT049,2179.5404445872837
4669,FDE44,OUT049,806.1421959387428
4670,FDL38,OUT046,1513.5191184732644
4671,NCT54,OUT010,191.85263918972623
4672,DRJ39,OUT010,648.7957477678503
4673,FDW55,OUT049,3932.424413640336
4674,DRF13,OUT019,331.1167028509399
4675,NCW17,OUT049,2135.7367210573107
4676,FDP13,OUT035,759.3491775351997
4677,FDS08,OUT018,2734.339814658964
4678,NCP17,OUT035,1143.026626007398
4679,NCO53,OUT035,3167.615739650918
4680,FDH19,OUT045,2945.7650058993004
4681,FDJ04,OUT017,1996.625963602196
4682,FDG10,OUT049,893.5424808225393
4683,FDA40,OUT010,189.8564743431939
4684,FDI53,OUT045,2682.2552407639487
4685,FDU09,OUT010,77.33837625528349
4686,FDK60,OUT045,1565.5234207834558
4687,FDR43,OUT017,755.9916645775115
4688,FDW22,OUT017,3594.564978560546
4689,DRP47,OUT010,825.4364814369526
4690,DRG48,OUT010,361.60097962556733
4691,FDA14,OUT035,2334.211195910396
4692,FDU49,OUT013,1410.8551587180964
4693,FDK28,OUT045,3886.5026196096196
4694,FDT19,OUT046,2949.6278664260153
4695,NCQ42,OUT045,2106.803989451615
4696,FDD03,OUT045,3773.1061359770374
4697,NCM53,OUT013,1708.5161045858595
4698,NCX53,OUT045,2121.029812217183
4699,FDV14,OUT027,2426.8280656979505
4700,NCZ54,OUT017,2692.1655665295693
4701,FDB39,OUT013,846.3084593875087
4702,DRC24,OUT046,2595.2224367108133
4703,FDY36,OUT013,1091.2576696172064
4704,FDN01,OUT035,3047.705972585706
4705,DRH25,OUT046,844.5952712969593
4706,FDV08,OUT046,781.3566891584217
4707,NCP53,OUT049,3855.096303509878
4708,FDU52,OUT010,439.05106639770383
4709,NCI42,OUT045,3409.3511086468125
4710,FDZ14,OUT035,2053.0325138841667
4711,FDF11,OUT046,3831.050759141571
4712,FDQ13,OUT018,1250.733400244712
4713,FDO32,OUT010,40.550580032777816
4714,DRJ37,OUT018,2373.606716193415
4715,FDY43,OUT046,2668.6031738154556
4716,NCT41,OUT017,2621.329690690635
4717,NCV17,OUT045,2111.6323224867615
4718,FDM04,OUT027,1590.3149261062654
4719,DRB48,OUT018,711.6531080924112
4720,FDM24,OUT013,2634.563740343058
4721,FDT37,OUT049,3924.65785260102
4722,NCO05,OUT010,201.4392437889976
4723,FDL13,OUT046,3764.2943811286696
4724,FDL15,OUT017,2618.784829424927
4725,FDB11,OUT018,3300.094121573152
4726,FDL14,OUT019,417.9763162036422
4727,FDY10,OUT019,302.0874579295528
4728,FDJ40,OUT049,1795.3166182608136
4729,NCW18,OUT046,3752.2625429233394
4730,NCY06,OUT013,2121.6132986052853
4731,DRE13,OUT018,1261.6133277747936
4732,FDA26,OUT045,3442.5985251546563
4733,NCE19,OUT010,73.55004788710494
4734,FDE33,OUT035,1318.3031702543235
4735,DRL59,OUT027,1607.5577584283624
4736,FDY07,OUT046,781.3566891584217
4737,FDF57,OUT018,2592.691674175809
4738,FDM58,OUT035,1840.6370128726962
4739,FDP26,OUT027,2755.1675037324344
4740,FDY32,OUT046,2668.6031738154556
4741,FDD51,OUT010,50.68953922319679
4742,FDU22,OUT018,1742.3422082306352
4743,FDZ49,OUT018,3265.5442640974425
4744,NCI42,OUT017,3444.2725282950423
4745,FDT04,OUT027,1402.9503522927655
4746,NCU41,OUT045,3185.4836430618634
4747,FDS56,OUT045,3912.6180434766106
4748,NCN42,OUT017,2285.309817171471
4749,FDK34,OUT046,3776.5658505244246
4750,FDB03,OUT017,3868.466909015824
4751,DRJ25,OUT035,828.8554535376952
4752,FDT25,OUT027,3467.2614445242034
4753,FDN20,OUT013,2695.554100024575
4754,FDP09,OUT013,3446.893742044172
4755,FDM20,OUT019,764.4825484126034
4756,NCG55,OUT046,1850.9389129444862
4757,NCP14,OUT045,1637.5554803353984
4758,NCH06,OUT046,3805.498391143712
4759,FDV52,OUT013,1872.5236463799147
4760,NCL07,OUT035,762.0666535673474
4761,DRJ11,OUT027,5109.02543250811
4762,DRO59,OUT013,1088.4111419786361
4763,FDW15,OUT010,360.81725647118765
4764,NCQ30,OUT035,2176.2287826340466
4765,NCN54,OUT019,150.76962866782537
4766,FDY01,OUT027,3045.1433372189476
4767,FDX39,OUT035,3530.5512234727357
4768,FDH53,OUT027,2260.344255121144
4769,FDA57,OUT035,762.6297094364795
4770,NCC07,OUT010,286.42357935408063
4771,FDU28,OUT013,3168.8154427426944
4772,FDK36,OUT010,79.48174782440083
4773,FDR36,OUT018,708.806580453841
4774,NCQ17,OUT035,2668.2492640329833
4775,FDS28,OUT019,89.85386302659435
4776,FDE08,OUT045,2439.4819921512276
4777,FDU22,OUT046,1967.672181983804
4778,FDG41,OUT045,1783.4802512612773
4779,FDO31,OUT010,171.09026768476429
4780,FDM21,OUT019,793.3295811955159
4781,FDU40,OUT017,3202.371132400705
4782,FDV36,OUT018,1886.414567829625
4783,FDT10,OUT027,1685.3987117036434
4784,FDX38,OUT045,787.371246674021
4785,NCU30,OUT027,4354.113445741097
4786,NCV06,OUT049,3276.5202117506506
4787,FDT16,OUT035,4000.4028557679776
4788,NCP41,OUT027,2874.434881748971
4789,FDZ56,OUT017,2828.3523901035937
4790,FDC22,OUT035,3355.508266838351
4791,FDU10,OUT035,762.758761042902
4792,FDS46,OUT045,1869.9823687972573
4793,FDO08,OUT049,2706.3596393344974
4794,NCV42,OUT018,1551.7892584956357
4795,FDP33,OUT035,3974.2874319009866
4796,FDJ12,OUT046,3405.3676868335906
4797,FDH04,OUT045,1434.2370209752535
4798,NCU54,OUT013,3438.6558255013233
4799,FDO36,OUT010,504.61241118998714
4800,FDT37,OUT027,5974.549206611173
4801,FDD14,OUT010,534.0627651379486
4802,FDA16,OUT013,3591.2797390542946
4803,NCS42,OUT019,185.23354377189526
4804,FDP10,OUT019,251.9518307255812
4805,FDQ28,OUT049,2630.6954304604164
4806,FDK57,OUT010,323.3806492597364
4807,FDK02,OUT013,1864.7570853405987
4808,FDW47,OUT018,1886.414567829625
4809,NCC42,OUT018,1886.414567829625
4810,FDQ37,OUT018,2989.1299081555453
4811,FDL40,OUT046,1555.2809373426649
4812,DRE13,OUT010,192.2905519268586
4813,FDQ34,OUT027,2757.55420308997
4814,NCB54,OUT046,2102.3372330698826
4815,FDS48,OUT049,2465.869862491215
4816,FDO15,OUT045,1097.8051595708714
4817,NCT30,OUT013,765.510036654952
4818,FDU49,OUT027,2404.3520063797478
4819,FDE21,OUT046,1856.3303018487645
4820,FDS49,OUT019,171.79089927460086
4821,FDT38,OUT027,2423.9815380593805
4822,FDZ01,OUT045,1625.1416422053844
4823,FDC41,OUT035,1140.7431542379597
4824,DRG13,OUT010,439.29771166131127
4825,NCZ42,OUT018,3447.395269078971
4826,NCM07,OUT045,1415.5905324058558
4827,NCV17,OUT018,1886.414567829625
4828,DRK39,OUT035,1313.383136853578
4829,FDS37,OUT018,1636.9980531008048
4830,FDV12,OUT019,206.01264689211212
4831,NCG19,OUT018,3428.483350382164
4832,FDS51,OUT013,1085.866280712928
4833,NCO14,OUT046,775.9653002541434
4834,FDC38,OUT046,2102.3372330698826
4835,FDN15,OUT046,2109.1898615345954
4836,NCH42,OUT013,3728.4421272367654
4837,FDQ22,OUT046,765.3540486620966
4838,FDC05,OUT013,3279.8200164082336
4839,FDZ31,OUT013,3279.8200164082336
4840,DRJ23,OUT049,3212.4345692709826
4841,FDC52,OUT035,2518.3937622732815
4842,DRD12,OUT010,200.29677807680628
4843,FDV55,OUT017,2287.8546784371792
4844,FDD32,OUT046,1267.667553412153
4845,FDR01,OUT049,3491.90815020381
4846,FDY08,OUT019,338.0121273650991
4847,FDQ45,OUT045,3154.0061335890246
4848,DRN11,OUT027,3489.007934861606
4849,NCS05,OUT018,1886.414567829625
4850,FDY32,OUT035,2744.4765287761966
4851,NCD31,OUT045,2672.5068743280563
4852,NCE06,OUT049,2724.515292020201
4853,NCP14,OUT046,1603.8147145831745
4854,NCF18,OUT019,515.9336667855812
4855,FDF14,OUT018,2216.547709263529
4856,FDB22,OUT017,2621.8927465597667
4857,NCH54,OUT049,2693.764745260035
4858,FDU27,OUT035,823.5931162398394
4859,FDS58,OUT027,4337.028775327173
4860,NCU29,OUT035,2190.4546053996146
4861,FDJ57,OUT013,3171.098914512133
4862,FDL56,OUT049,1415.0202487269667
4863,FDH60,OUT035,3354.9452109692193
4864,FDN24,OUT018,772.4791668550881
4865,FDD02,OUT017,1998.9094353716343
4866,FDP15,OUT017,3865.9792337292056
4867,FDB28,OUT027,5241.259068974897
4868,DRC49,OUT045,2118.1832845786125
4869,NCG30,OUT018,1871.134907953213
4870,FDJ14,OUT049,1265.216214603125
4871,FDL52,OUT045,782.8115895769099
4872,NCG19,OUT027,5846.943726649568
4873,NCN41,OUT035,2178.210588030623
4874,FDW22,OUT013,3656.377391064346
4875,FDI02,OUT013,1871.9605905107828
4876,FDV51,OUT045,2671.9438184589244
4877,FDV48,OUT046,1264.2579699044509
4878,NCL17,OUT019,331.1167028509399
4879,FDP46,OUT045,1416.1535882749877
4880,FDU10,OUT045,771.931662046828
4881,FDT37,OUT010,825.4364814369526
4882,FDI27,OUT035,762.19570517377
4883,FDN51,OUT046,3841.1579779294143
4884,FDW07,OUT035,1467.5441485090332
4885,FDN45,OUT049,3662.342618274143
4886,DRN37,OUT027,4354.271607649271
4887,DRF48,OUT049,3198.247990241853
4888,FDP38,OUT019,75.70609188949675
4889,NCX18,OUT027,5228.569354904306
4890,FDK45,OUT018,1636.9980531008048
4891,FDZ37,OUT049,1424.5072256665892
4892,FDS50,OUT018,3305.4855104774306
4893,NCR54,OUT018,2976.696775917704
4894,NCS17,OUT035,1605.3534983157037
4895,FDV31,OUT046,2945.629851815601
4896,DRE27,OUT017,1558.4339249733553
4897,FDN60,OUT013,2692.144516516873
4898,FDK26,OUT013,3227.5697521020056
4899,FDX37,OUT018,1420.6547838512586
4900,FDW31,OUT046,3273.940225277243
4901,FDX26,OUT018,2878.125334490007
4902,DRL49,OUT019,331.1167028509399
4903,FDU49,OUT017,1422.9080469361234
4904,FDY58,OUT046,3743.974852572172
4905,FDN03,OUT045,3857.1732379479663
4906,NCV06,OUT010,543.8453513320248
4907,FDH53,OUT045,1274.1161151904619
4908,FDG31,OUT018,962.4679344159392
4909,NCC06,OUT045,2106.803989451615
4910,FDS13,OUT049,3936.496480664378
4911,FDP16,OUT035,3964.352317814881
4912,FDA35,OUT013,2133.6451368106154
4913,DRP47,OUT018,3472.135582441279
4914,FDY28,OUT010,609.8128830981764
4915,FDY20,OUT035,1564.717791184567
4916,NCH30,OUT017,1781.1225454558853
4917,NCR29,OUT019,80.88553548369055
4918,NCP05,OUT013,2459.4213007129065
4919,NCF30,OUT019,325.4172332906369
4920,FDA08,OUT035,2754.5265615849507
4921,FDN51,OUT027,5950.418003711826
4922,FDH12,OUT046,1706.80291649531
4923,FDY39,OUT017,3170.322553571138
4924,NCO53,OUT045,3074.2716524285597
4925,FDB40,OUT046,2268.3878737584096
4926,FDH02,OUT049,1521.6808683421227
4927,FDY11,OUT027,1958.8245656438457
4928,FDQ09,OUT019,302.0874579295528
4929,FDP16,OUT013,3880.358615668688
4930,NCF55,OUT018,693.9682112819039
4931,FDY09,OUT027,4835.140500495438
4932,FDY39,OUT045,3135.4011339229082
4933,NCU53,OUT049,2757.9104435236245
4934,NCT41,OUT049,2463.023334852645
4935,FDJ45,OUT046,761.9444651543943
4936,FDR28,OUT013,2702.757605194759
4937,FDN08,OUT013,1872.5236463799147
4938,FDJ07,OUT049,1868.6607858531993
4939,FDZ09,OUT027,4356.658307006805
4940,FDQ14,OUT017,2461.424156122179
4941,FDY12,OUT027,1467.3524529055776
4942,FDK57,OUT046,1967.672181983804
4943,FDD20,OUT049,2136.2997769264425
4944,FDS36,OUT018,1560.5459683735794
4945,FDI40,OUT049,1624.5713585264953
4946,FDJ40,OUT045,1783.4802512612773
4947,FDE08,OUT013,2285.8518230279064
4948,DRK01,OUT013,1553.5845419255124
4949,FDC58,OUT049,780.1965149761095
4950,FDE50,OUT046,3189.0851140923087
4951,FDX48,OUT035,2678.2992968417375
4952,DRM35,OUT018,2710.6310112323617
4953,FDG41,OUT013,1716.282665625175
4954,FDB52,OUT046,3858.0856756585777
4955,FDV19,OUT045,2685.1017684025187
4956,DRG48,OUT017,2154.4149595873478
4957,FDI26,OUT013,3035.738892148314
4958,FDU11,OUT019,337.8503655284785
4959,FDF59,OUT019,332.4589766242002
4960,FDR07,OUT049,1557.5756635474527
4961,NCE06,OUT017,2722.9161132897348
4962,FDE10,OUT046,2120.9837216392802
4963,NCO55,OUT046,1706.80291649531
4964,FDZ13,OUT013,832.4515016934538
4965,FDT50,OUT017,1558.4339249733553
4966,FDH12,OUT010,261.6236761262139
4967,FDD21,OUT045,1869.9823687972573
4968,NCM05,OUT013,3889.730673885661
4969,FDK04,OUT013,914.1825386944533
4970,FDN33,OUT017,1569.876908372569
4971,NCM18,OUT010,144.2141799642277
4972,DRC25,OUT049,1428.183648026487
4973,FDT47,OUT017,1605.0841761418983
4974,FDD45,OUT027,2574.7906759014727
4975,NCD07,OUT018,1621.718393224393
4976,NCY54,OUT010,483.59201964830095
4977,FDL12,OUT049,1031.8188039637064
4978,FDL02,OUT017,1649.7013279008124
4979,FDC60,OUT035,1600.7549536752238
4980,FDR37,OUT017,3026.610905775752
4981,FDY16,OUT017,3188.927553237255
4982,FDU26,OUT045,1983.6077207017352
4983,FDN24,OUT013,843.4619317489385
4984,FDH44,OUT013,2467.187861752222
4985,FDE23,OUT010,42.58067428677032
4986,FDW60,OUT017,3052.9576477716346
4987,FDQ55,OUT049,1881.8187357967936
4988,FDV32,OUT027,1983.6873243195841
4989,FDV03,OUT010,420.9003194750594
4990,FDY14,OUT010,825.4364814369526
4991,NCL55,OUT027,5955.637287914366
4992,DRF25,OUT017,774.2777768432748
4993,FDX03,OUT046,772.6847683528636
4994,FDF40,OUT045,3852.4574080644006
4995,FDX24,OUT010,203.14330571537653
4996,FDA25,OUT049,1624.0083026573634
4997,FDH21,OUT018,2452.117452706066
4998,FDB47,OUT010,599.7628502894222
4999,FDT34,OUT019,251.9518307255812
5000,FDS39,OUT010,336.8872337609271
5001,NCU05,OUT046,1191.435880999716
5002,FDE02,OUT049,1511.6308355333686
5003,FDL25,OUT035,1564.1547353154351
5004,FDC50,OUT049,1560.0331037038213
5005,FDZ32,OUT049,1654.7100901389804
5006,FDV14,OUT045,1415.5905324058558
5007,FDR07,OUT045,1555.8624754569032
5008,FDB26,OUT049,859.9605263360015
5009,NCR50,OUT045,2436.9371308855193
5010,FDP01,OUT018,2380.810221363599
5011,FDH57,OUT045,2112.195378355894
5012,FDM60,OUT027,1417.5169027600182
5013,FDA45,OUT017,2899.4888715488055
5014,FDU55,OUT017,3909.585411194492
5015,FDH40,OUT035,1394.8207147702674
5016,FDG40,OUT019,43.25895222638928
5017,FDT12,OUT049,3699.7336143353605
5018,DRL59,OUT045,851.0438330752681
5019,FDT47,OUT018,1440.1130346206708
5020,FDI60,OUT017,1103.3105578352333
5021,DRF51,OUT027,1381.7144848003345
5022,NCK31,OUT049,808.425667708181
5023,FDB08,OUT045,2708.6488099925004
5024,FDM44,OUT035,1635.9550822225367
5025,FDD46,OUT018,2217.539365821478
5026,FDR27,OUT019,339.6624817943841
5027,FDV56,OUT010,299.01847342854285
5028,FDM02,OUT049,1421.660698028019
5029,FDU45,OUT018,1637.1598149374256
5030,FDZ10,OUT017,2134.700598195977
5031,NCK31,OUT010,79.48174782440083
5032,FDR27,OUT035,2180.0227042965284
5033,FDF33,OUT013,1711.3626322244295
5034,FDJ36,OUT046,1643.1387567624201
5035,FDP33,OUT049,3906.3089897733444
5036,FDG17,OUT046,3837.0052039149814
5037,FDG47,OUT027,5931.506085015019
5038,NCW29,OUT046,2105.1837607084526
5039,DRH59,OUT017,1093.2605250264792
5040,FDR32,OUT017,3783.2031187123307
5041,FDP48,OUT035,3177.665772459672
5042,FDG17,OUT035,3971.555822985065
5043,DRJ59,OUT017,774.2777768432748
5044,FDY48,OUT027,2755.1675037324344
5045,FDB02,OUT046,2955.116828755223
5046,FDN10,OUT019,302.0874579295528
5047,NCD55,OUT035,757.2383205322012
5048,FDX34,OUT013,2137.8846150396453
5049,FDZ38,OUT045,2832.038190332926
5050,DRF37,OUT049,3905.7459339042125
5051,DRL47,OUT019,337.8503655284785
5052,FDL27,OUT035,1148.515164633202
5053,NCP53,OUT035,3910.5534137253767
5054,FDT03,OUT019,506.4527469643672
5055,FDJ28,OUT035,3351.1512893067375
5056,FDF40,OUT018,3469.4039735253573
5057,FDA32,OUT035,3532.1486907145327
5058,NCP02,OUT017,909.8840293047813
5059,FDZ31,OUT045,3262.164179615993
5060,NCQ29,OUT013,3889.730673885661
5061,FDP57,OUT010,254.5819327926506
5062,FDL32,OUT027,3050.3765642150533
5063,DRB01,OUT035,3350.5882334376056
5064,FDJ40,OUT046,1777.0316894829684
5065,FDO24,OUT018,2449.270925067496
5066,FDO11,OUT018,3469.4039735253573
5067,FDA56,OUT035,2046.392064583115
5068,FDF02,OUT045,1642.3838133705449
5069,FDA10,OUT013,2127.0046875095636
5070,NCI55,OUT017,2129.309209291698
5071,FDZ40,OUT010,78.94143679138324
5072,FDV08,OUT049,780.1965149761095
5073,FDN48,OUT013,1505.1822737550597
5074,FDU57,OUT017,2469.190717161495
5075,DRF49,OUT013,1864.7570853405987
5076,FDS02,OUT035,3354.9452109692193
5077,FDS43,OUT046,3140.3540666405315
5078,FDT16,OUT013,3916.409153621784
5079,FDX19,OUT027,5852.335115553846
5080,FDK15,OUT046,1546.4799649306844
5081,DRA12,OUT049,2145.1342107877317
5082,FDY35,OUT017,774.4068284496973
5083,NCU42,OUT013,2818.111618151472
5084,FDD26,OUT013,3168.2523868735625
5085,FDR11,OUT018,2456.47443023768
5086,NCP53,OUT045,3804.539386585988
5087,FDP34,OUT045,2651.8041384034345
5088,NCV41,OUT019,303.79559397415073
5089,FDN20,OUT018,2445.075709372503
5090,FDZ16,OUT018,2992.1381976307366
5091,FDZ28,OUT049,2140.656754458056
5092,NCL55,OUT013,3889.730673885661
5093,NCJ17,OUT046,1406.2954429889764
5094,FDT37,OUT046,3858.0856756585777
5095,FDV51,OUT049,2696.0482170294736
5096,FDZ28,OUT035,2185.977149069939
5097,FDN27,OUT013,1859.19172804939
5098,FDS14,OUT019,430.1115356309615
5099,FDZ58,OUT045,2109.3488507173233
5100,FDD46,OUT046,2603.818892471457
5101,FDJ03,OUT035,828.9845051441177
5102,FDU03,OUT010,506.42452745589276
5103,FDA33,OUT027,3977.619753656584
5104,NCW53,OUT035,3281.674257922792
5105,NCC55,OUT017,750.6002756732332
5106,FDP52,OUT019,718.7514184631532
5107,FDE39,OUT049,2000.5086141021004
5108,FDB44,OUT035,3562.899237474698
5109,FDG59,OUT013,751.7908679280652
5110,FDI05,OUT013,1096.1777030179521
5111,FDF59,OUT045,2103.394405943913
5112,FDM39,OUT019,479.5472542821137
5113,FDB14,OUT013,1512.3857789252436
5114,NCS05,OUT019,340.69689316704876
5115,DRJ35,OUT045,1071.0685489825316
5116,FDO31,OUT019,171.64151834842573
5117,FDA31,OUT046,2942.4243612558316
5118,FDX40,OUT049,777.3499873375392
5119,FDW56,OUT045,3254.960674445809
5120,FDH09,OUT018,758.4931575546107
5121,FDA52,OUT019,471.12175681488975
5122,FDF20,OUT019,536.4654578230704
5123,FDE40,OUT046,1068.9769647358364
5124,NCU17,OUT046,1615.6635725938825
5125,NCP14,OUT035,1684.5890630378299
5126,FDN25,OUT027,1604.3741425589133
5127,FDU39,OUT049,914.6766556993518
5128,NCM05,OUT017,3890.1104366285526
5129,FDU07,OUT017,2461.9872119913107
5130,FDF28,OUT049,2143.5032820966267
5131,FDR57,OUT049,2739.9567137332338
5132,FDJ33,OUT013,2127.0046875095636
5133,DRH23,OUT035,873.1868069953318
5134,FDQ52,OUT046,3839.7368128309026
5135,DRK13,OUT035,3363.1197856000235
5136,FDP09,OUT046,3422.789343473623
5137,FDR08,OUT027,2980.8437823052664
5138,FDV50,OUT045,2108.7857948481915
5139,FDT13,OUT049,3212.4345692709826
5140,FDJ27,OUT027,2616.703852142286
5141,FDH21,OUT046,2647.639048394564
5142,FDW14,OUT027,2404.3520063797478
5143,FDL52,OUT049,791.2054941126139
5144,FDW28,OUT017,3289.8820940940395
5145,FDL40,OUT049,1563.4426872115232
5146,FDE24,OUT046,2111.7347228003036
5147,FDX35,OUT049,3810.1135354119488
5148,FDP46,OUT017,1413.4210699965008
5149,FDX56,OUT045,3419.099475082704
5150,FDQ45,OUT049,3178.1105321595737
5151,FDK50,OUT027,4354.271607649271
5152,FDY26,OUT045,3445.4450527932263
5153,FDQ09,OUT017,1870.1695242575736
5154,FDN39,OUT049,2823.997124060649
5155,FDP13,OUT017,771.560300811127
5156,FDR51,OUT013,2461.233416978812
5157,FDZ49,OUT010,655.9992529380343
5158,FDL28,OUT018,3441.0782444566266
5159,FDZ10,OUT035,2181.6201715383254
5160,FDK38,OUT013,2467.4547006044177
5161,DRL49,OUT027,3489.007934861606
5162,FDR15,OUT013,2621.138951547268
5163,FDQ24,OUT035,3973.7243760318543
5164,FDD56,OUT013,2976.9377555563337
5165,NCR42,OUT046,759.9626597578183
5166,FDH52,OUT045,1103.7596043442818
5167,FDH57,OUT019,330.8086221949152
5168,FDR15,OUT010,437.8548931884186
5169,FDJ34,OUT035,2185.977149069939
5170,FDW37,OUT035,1556.951230145251
5171,FDQ23,OUT018,1434.3812390199107
5172,FDP34,OUT013,2692.707572386005
5173,FDE04,OUT027,4893.631465720057
5174,FDC48,OUT045,1266.349554151146
5175,FDA47,OUT019,437.3150408011454
5176,FDI35,OUT018,2716.6734092704983
5177,NCV05,OUT013,2619.326835281362
5178,FDR28,OUT045,2685.1017684025187
5179,FDH31,OUT017,1563.0925688778311
5180,FDP59,OUT019,266.19707922932844
5181,FDS19,OUT018,965.1745575182679
5182,FDM60,OUT045,787.371246674021
5183,FDJ44,OUT018,2695.171082701066
5184,DRH51,OUT017,1412.858014127369
5185,DRC25,OUT017,1426.584469296021
5186,DRE25,OUT013,1505.1822737550597
5187,NCX05,OUT049,1871.2056471189076
5188,FDR11,OUT017,2704.1974047349
5189,DRP47,OUT045,3855.189016980322
5190,DRC49,OUT019,331.1167028509399
5191,FDQ47,OUT027,1398.667734625123
5192,FDL20,OUT013,1781.6645513123208
5193,FDM34,OUT035,2181.6201715383254
5194,NCN55,OUT013,3820.169124794519
5195,FDD41,OUT035,1697.1839571122923
5196,FDE52,OUT049,1521.6808683421227
5197,NCT18,OUT019,458.52686274042753
5198,FDJ32,OUT018,883.9701438514246
5199,FDE16,OUT046,3422.789343473623
5200,FDZ09,OUT045,2675.0517355937645
5201,DRZ11,OUT046,2109.5407382400667
5202,FDK41,OUT049,1415.0202487269667
5203,FDE56,OUT049,1077.7017704738269
5204,FDH34,OUT013,3164.4584652110807
5205,DRI49,OUT013,1258.7676528248162
5206,DRI59,OUT046,3624.5064314544807
5207,DRC36,OUT049,2982.464298544312
5208,FDS15,OUT019,260.80569032505014
5209,FDI07,OUT018,2993.788552060021
5210,FDZ15,OUT018,1636.9980531008048
5211,NCX41,OUT027,5445.92915833338
5212,NCO29,OUT019,430.1115356309615
5213,FDF57,OUT013,2699.9110775561885
5214,FDI33,OUT035,1560.360813652953
5215,DRJ47,OUT049,2975.260793374128
5216,FDB34,OUT046,1409.7050264966788
5217,FDY22,OUT027,3471.7651025395094
5218,DRL11,OUT017,2699.8404272032863
5219,FDY46,OUT035,3282.237313791924
5220,FDG17,OUT013,3887.5621208388716
5221,FDE52,OUT018,1257.9369054148958
5222,DRP47,OUT027,5955.637287914366
5223,FDO01,OUT010,332.94069235581173
5224,FDL09,OUT046,2803.7555860168154
5225,FDR57,OUT013,2690.3899355345106
5226,DRD37,OUT035,762.0666535673474
5227,FDQ36,OUT027,1414.6703751214482
5228,FDL33,OUT049,3279.0650730163584
5229,FDL48,OUT045,813.3169276366543
5230,FDL28,OUT049,3804.9770955869026
5231,NCN29,OUT046,780.7936332892896
5232,FDO13,OUT035,2743.9134729070647
5233,FDB38,OUT045,2684.538712533387
5234,FDI36,OUT035,3354.9452109692193
5235,FDI58,OUT035,1564.717791184567
5236,FDH22,OUT018,1887.4062243875735
5237,FDQ27,OUT013,1678.9073019470497
5238,FDT33,OUT046,2678.65320662421
5239,FDC56,OUT045,1975.1647620904669
5240,FDF14,OUT046,2595.2224367108133
5241,FDQ39,OUT017,3283.927649320629
5242,NCM43,OUT017,2699.8404272032863
5243,FDS46,OUT035,2053.5955697532986
5244,FDI22,OUT049,3436.0003684830695
5245,NCE43,OUT045,2824.3633296592093
5246,FDZ36,OUT010,540.1447982351933
5247,FDR13,OUT019,316.3327064333
5248,FDP46,OUT018,1240.8451292725786
5249,FDW56,OUT019,521.3250556898595
5250,FDB40,OUT017,2297.3416553768016
5251,FDM28,OUT018,2706.435795537369
5252,FDV49,OUT013,3908.642592582468
5253,NCS53,OUT018,2426.0233278771657
5254,FDO03,OUT049,3785.3435715580463
5255,FDT15,OUT035,3172.274383555394
5256,FDD33,OUT049,3797.7735904167184
5257,FDX13,OUT017,3909.0223553253595
5258,FDH60,OUT013,3294.6350403400897
5259,DRH51,OUT046,1406.2954429889764
5260,NCL07,OUT049,779.6334591069774
5261,FDW51,OUT045,3467.9576830105434
5262,FDF21,OUT019,509.15937006669583
5263,FDH26,OUT019,345.0538706986624
5264,FDJ03,OUT049,805.7081916760333
5265,FDU35,OUT017,1569.3138525034371
5266,DRL01,OUT018,3448.11998779019
5267,FDE59,OUT045,763.0016380284248
5268,FDI60,OUT035,1150.2301311775818
5269,DRH39,OUT035,1140.1800983688277
5270,FDK36,OUT049,808.425667708181
5271,FDN52,OUT045,1420.5105658066013
5272,FDU12,OUT017,3897.3139417987363
5273,NCT05,OUT027,5974.549206611173
5274,FDS37,OUT027,3070.4659241757204
5275,FDK24,OUT017,771.4312492047045
5276,DRF36,OUT013,3274.8999830074877
5277,FDN46,OUT010,228.79300602474905
5278,NCN06,OUT045,2669.6603466894862
5279,FDD59,OUT035,1312.3487254809133
5280,FDM14,OUT045,1777.4836178003684
5281,FDO10,OUT018,797.6264274176028
5282,FDU35,OUT013,1564.464469455594
5283,NCA30,OUT018,2907.78280040289
5284,NCO41,OUT049,1562.8796313423913
5285,FDI24,OUT046,2945.066795946469
5286,FDZ16,OUT046,3255.7156178376845
5287,FDV47,OUT046,1257.0544647342667
5288,FDV16,OUT045,771.931662046828
5289,FDZ22,OUT035,1313.9461927227098
5290,FDO20,OUT010,825.5982432735732
5291,FDW38,OUT013,862.211633850482
5292,FDW52,OUT045,2685.1017684025187
5293,FDT43,OUT019,71.51087619450391
5294,NCS29,OUT045,3855.189016980322
5295,NCC31,OUT017,2619.347885294059
5296,FDA21,OUT017,3181.7240480670707
5297,FDQ55,OUT046,1863.5338070189487
5298,NCE54,OUT049,1092.877898360369
5299,FDD45,OUT017,1561.8435084810574
5300,NCP17,OUT017,1096.1070526650494
5301,FDR47,OUT035,3347.741705799035
5302,DRM35,OUT013,2969.1711945170177
5303,FDR47,OUT019,528.3667990234228
5304,FDX19,OUT010,769.2040681530955
5305,FDV22,OUT027,4198.855718381046
5306,FDQ46,OUT027,2989.1970336358463
5307,DRO47,OUT045,1859.3692801193713
5308,FDB44,OUT010,601.4879058550532
5309,FDN02,OUT010,608.5992586544583
5310,FDW10,OUT045,2861.720924262005
5311,FDJ41,OUT019,812.241499892323
5312,FDM50,OUT046,919.1097999049557
5313,FDW10,OUT035,2955.0650114843634
5314,FDY48,OUT049,1619.6513251257497
5315,NCE30,OUT027,5442.924468786637
5316,FDO04,OUT045,873.7458600317241
5317,FDQ26,OUT010,103.44040514027802
5318,NCX29,OUT018,2039.5686480708275
5319,FDE39,OUT046,1855.7672459796327
5320,NCR54,OUT027,5225.722827265736
5321,NCP55,OUT027,1629.6967295156862
5322,FDX22,OUT017,3480.9295283105885
5323,FDI05,OUT035,1140.7431542379597
5324,FDC51,OUT027,3447.631912844571
5325,FDC10,OUT013,1987.7560724818784
5326,FDJ46,OUT045,2954.92494123248
5327,FDV10,OUT010,40.9303198574853
5328,FDX12,OUT027,5945.702173828261
5329,FDL43,OUT019,169.2460380088928
5330,DRB13,OUT046,3219.8356608524737
5331,FDF59,OUT027,3461.8700556199256
5332,FDT35,OUT049,2705.7965834653655
5333,NCJ19,OUT035,940.4978304331444
5334,FDT35,OUT018,2587.2698649074255
5335,FDI48,OUT046,806.8683658583454
5336,DRC24,OUT019,389.71626629615935
5337,NCZ05,OUT017,1615.2056187567136
5338,FDJ57,OUT049,3177.547476290442
5339,FDX11,OUT017,3116.396577246974
5340,FDE09,OUT035,1836.2800353410826
5341,NCK06,OUT049,2032.2804994267426
5342,DRE37,OUT017,3220.4050627100937
5343,FDV56,OUT046,1646.548340270122
5344,FDY43,OUT017,2697.5569554338476
5345,FDV35,OUT013,2616.480307642792
5346,FDF05,OUT019,812.241499892323
5347,FDA36,OUT035,3201.212814049654
5348,FDS13,OUT027,5955.637287914366
5349,FDU47,OUT013,2143.042626541037
5350,FDI36,OUT010,560.6354611014801
5351,FDH48,OUT046,1406.2954429889764
5352,FDZ14,OUT013,2136.491664449186
5353,FDS46,OUT013,2137.054720318318
5354,FDE21,OUT017,1873.0160518961438
5355,FDA26,OUT049,3621.8383160250232
5356,FDV12,OUT046,1586.2668594042777
5357,FDL46,OUT019,302.0874579295528
5358,FDN57,OUT013,2136.4021772399847
5359,NCJ18,OUT017,1864.778135353295
5360,FDO36,OUT045,2951.5153577247775
5361,FDX55,OUT018,3096.163623293877
5362,FDT25,OUT019,337.8503655284785
5363,FDD16,OUT049,1098.2692872646473
5364,NCX18,OUT013,3270.071649972341
5365,NCG55,OUT018,1624.5649208629632
5366,NCV18,OUT049,1336.9054260839223
5367,NCS18,OUT035,1758.3032555794744
5368,FDC37,OUT045,1716.0980059121891
5369,FDE47,OUT046,2099.7923718041743
5370,DRG49,OUT019,771.5242917461667
5371,FDC39,OUT049,3438.2838402525076
5372,FDH24,OUT019,432.95806326953175
5373,FDV39,OUT027,5283.402627244146
5374,NCL17,OUT045,2118.1832845786125
5375,NCY53,OUT035,1916.5260417307902
5376,FDH52,OUT013,1099.0242306565224
5377,NCD19,OUT018,762.8925622558168
5378,FDI44,OUT046,1087.2610097572187
5379,DRD49,OUT027,5847.1018885577405
5380,FDN08,OUT035,2039.5250288720697
5381,FDO20,OUT027,5938.39445559227
5382,FDY02,OUT046,3846.3772621319545
5383,FDX23,OUT045,1523.6441026114712
5384,FDX01,OUT017,1872.452996027012
5385,FDH20,OUT027,2555.1611442218405
5386,NCX41,OUT017,3473.1629672712725
5387,FDD21,OUT027,3053.2230918536234
5388,DRH11,OUT019,89.69210118997398
5389,DRE60,OUT018,3305.4855104774306
5390,FDB10,OUT013,3781.758330398167
5391,FDH38,OUT013,1878.4835405092508
5392,NCL07,OUT018,711.5240564859887
5393,FDD48,OUT046,1855.7672459796327
5394,NCT54,OUT027,2520.997018826741
5395,FDF32,OUT027,5291.18071550596
5396,DRH51,OUT045,1412.7440047672853
5397,DRG03,OUT035,2668.2492640329833
5398,NCY42,OUT019,321.5300982516685
5399,FDH32,OUT017,1558.9969808424871
5400,NCJ06,OUT027,3263.4840898316934
5401,FDH47,OUT027,2541.6900006828855
5402,FDZ08,OUT018,1098.807656188052
5403,FDK16,OUT017,1558.9969808424871
5404,DRG01,OUT018,967.8593233202175
5405,NCM53,OUT027,2752.3209760938644
5406,NCB07,OUT035,3342.913372763889
5407,NCZ06,OUT035,3950.1562290016395
5408,FDU48,OUT049,2132.8901934187406
5409,NCB55,OUT027,1702.4833821175673
5410,FDP15,OUT013,3884.511389683121
5411,FDF17,OUT046,3307.829477895943
5412,NCN06,OUT049,2693.764745260035
5413,DRM48,OUT018,708.6775288474184
5414,FDH10,OUT046,3161.001150974166
5415,FDC60,OUT018,1291.6905961361144
5416,FDE35,OUT018,818.3370673983188
5417,DRI23,OUT013,2692.144516516873
5418,NCR38,OUT013,3866.1625268554462
5419,FDP04,OUT035,1143.58968187653
5420,NCW17,OUT045,2111.6323224867615
5421,FDX34,OUT017,2142.7339980874885
5422,NCK53,OUT045,1561.1664432518419
5423,NCO54,OUT010,76.39657552567542
5424,NCH55,OUT046,2100.355427673306
5425,FDT44,OUT027,3072.852623533256
5426,DRG49,OUT046,3810.326724178858
5427,FDX46,OUT010,96.3986618067147
5428,DRG36,OUT049,2853.296061264905
5429,FDU37,OUT049,1265.216214603125
5430,FDK10,OUT049,3139.7396864371603
5431,DRF37,OUT027,5955.637287914366
5432,FDC44,OUT035,1917.089097599922
5433,FDP15,OUT046,3815.0425540624237
5434,FDZ27,OUT027,1470.1989805441478
5435,FDY22,OUT019,331.2784646875605
5436,DRG51,OUT035,2746.7600005456347
5437,FDN58,OUT045,3780.8726970163534
5438,FDW01,OUT049,2622.928869421101
5439,FDX24,OUT018,1347.9070429202452
5440,FDO51,OUT017,769.015439545419
5441,FDJ52,OUT027,4359.504834645376
5442,NCY06,OUT010,333.73262546633214
5443,FDE20,OUT018,2452.279214542687
5444,FDT23,OUT010,163.85081737225323
5445,FDQ51,OUT046,804.3235045926374
5446,FDE35,OUT046,1021.11219282914
5447,FDB46,OUT013,3444.047214405602
5448,NCG19,OUT035,3886.8131619934234
5449,NCL06,OUT018,3440.9626362083686
5450,FDT36,OUT019,53.14722319852308
5451,FDC56,OUT049,2133.4532492878725
5452,FDJ26,OUT049,3466.7029237252054
5453,FDZ59,OUT017,2734.9479514950654
5454,FDV11,OUT027,4804.584686542559
5455,FDR13,OUT010,321.80933613893967
5456,FDI15,OUT018,3472.135582441279
5457,FDF47,OUT018,3327.0504171257708
5458,NCB54,OUT019,337.8503655284785
5459,NCK19,OUT027,5225.880989173908
5460,FDX16,OUT017,2461.9872119913107
5461,FDL50,OUT045,2118.8358276569456
5462,NCE31,OUT035,738.3891523973059
5463,DRJ01,OUT049,2729.3436250553473
5464,FDE22,OUT013,2695.554100024575
5465,FDY20,OUT019,187.2263722761245
5466,NCO14,OUT045,782.4138620324522
5467,NCR50,OUT017,2459.4423507256024
5468,DRM47,OUT017,3223.2515903486637
5469,FDO27,OUT010,203.00067183661827
5470,FDJ20,OUT027,3450.018612202107
5471,NCX17,OUT013,3690.83778519713
5472,FDG59,OUT049,758.239429706374
5473,FDD52,OUT045,1720.4549834438028
5474,FDO48,OUT017,3635.5018647412744
5475,FDC59,OUT019,162.16834953300236
5476,FDS15,OUT018,1489.8458398823877
5477,FDB47,OUT035,3529.302163075962
5478,FDV14,OUT019,187.0646104395039
5479,FDB27,OUT013,3272.0534553689176
5480,FDA35,OUT035,2185.414093200807
5481,FDN51,OUT018,3474.119803408923
5482,FDO39,OUT019,500.05202825142715
5483,FDB28,OUT049,3324.6306437083804
5484,DRJ25,OUT046,806.7393142519229
5485,FDH46,OUT027,2630.1749956812405
5486,FDI10,OUT045,2956.0764282043247
5487,FDU21,OUT018,685.7621966239526
5488,FDD09,OUT049,3011.999963035589
5489,FDD10,OUT046,2955.679884624355
5490,FDN31,OUT010,546.3902125977329
5491,FDA46,OUT018,2982.0881648219824
5492,FDM56,OUT046,1707.3659723644419
5493,FDF11,OUT010,809.4911783615148
5494,FDS32,OUT018,1886.5763296662458
5495,NCM06,OUT013,2611.6519746076456
5496,FDZ26,OUT045,3792.8309730593646
5497,FDO01,OUT013,2133.4711684236854
5498,FDJ46,OUT049,2979.029339803029
5499,FDG26,OUT019,800.3713245290792
5500,FDZ38,OUT035,3020.5811879860103
5501,NCO55,OUT013,1637.6484396827855
5502,FDT60,OUT035,2178.210588030623
5503,FDW37,OUT049,1511.6308355333686
5504,NCK42,OUT018,3093.6187620281694
5505,FDA45,OUT046,2855.2723624836963
5506,FDW55,OUT018,3491.2092629747067
5507,FDY44,OUT017,3299.9321269027937
5508,FDQ31,OUT017,1431.5045026967668
5509,FDM09,OUT049,2861.0626223042204
5510,FDH12,OUT018,1453.647215789344
5511,NCQ43,OUT035,1835.7169794719507
5512,FDT33,OUT035,2754.5265615849507
5513,NCT41,OUT018,2213.701181624959
5514,DRJ25,OUT010,76.63522018583035
5515,NCQ41,OUT046,3250.7955844369385
5516,NCN17,OUT049,1587.2251041029522
5517,DRO35,OUT027,3070.4659241757204
5518,FDU27,OUT018,735.0539277893365
5519,FDY43,OUT027,4562.056787824082
5520,FDG46,OUT035,1927.1391304086762
5521,DRL49,OUT018,1892.965529921476
5522,NCB55,OUT049,912.3931839299137
5523,FDK28,OUT049,3937.0595365335103
5524,FDO49,OUT045,816.1634552752246
5525,FDT03,OUT013,2999.0251386231876
5526,FDW33,OUT027,2757.55420308997
5527,FDR02,OUT035,1835.7169794719507
5528,FDF50,OUT013,3358.7298227890988
5529,FDA40,OUT018,1248.0486344427625
5530,NCT53,OUT018,2508.5882902959384
5531,FDY60,OUT035,2197.6581105697983
5532,FDP44,OUT027,2656.908161426898
5533,NCQ50,OUT045,3433.413214587896
5534,NCC30,OUT017,2984.4549719764314
5535,FDQ60,OUT018,1766.42336593611
5536,FDG41,OUT046,1775.9550894228053
5537,FDQ03,OUT046,3777.814910921198
5538,FDM03,OUT045,1636.9924244662666
5539,FDZ51,OUT018,1346.8726315475806
5540,DRF51,OUT035,759.2201259287772
5541,FDF39,OUT017,3916.225860495543
5542,FDW52,OUT035,2747.3230564147666
5543,FDY22,OUT049,2299.5038899763995
5544,FDG14,OUT013,2463.7782782445197
5545,FDA57,OUT017,774.8408327124068
5546,FDL45,OUT019,330.8086221949152
5547,FDX28,OUT046,1563.3143372341765
5548,NCQ54,OUT013,2844.8656940900196
5549,FDH40,OUT045,1271.2695875518916
5550,FDU52,OUT035,2721.228931585866
5551,FDT60,OUT010,346.16575770417376
5552,FDK08,OUT045,1593.2784770517185
5553,FDN04,OUT049,2986.2328449732127
5554,FDE50,OUT013,3171.098914512133
5555,FDI16,OUT049,836.6165917023245
5556,FDM50,OUT049,1034.6653316022766
5557,NCV30,OUT049,1090.0313707217988
5558,FDT44,OUT013,1865.3201412097305
5559,FDY60,OUT013,2292.4922723289587
5560,FDT56,OUT017,919.6323957406732
5561,FDV58,OUT018,3009.0444603746014
5562,FDU04,OUT013,2129.8512151481336
5563,NCN05,OUT027,5069.781361995954
5564,FDI53,OUT018,2449.4326869041165
5565,FDD34,OUT046,2671.449701454026
5566,FDW47,OUT027,3470.107972162774
5567,FDT51,OUT027,2958.9428860558296
5568,FDO27,OUT013,1566.2765857215
5569,NCQ18,OUT018,1408.2216516134172
5570,NCW05,OUT013,1769.9017164740387
5571,FDI15,OUT010,825.4364814369526
5572,NCH43,OUT010,594.3714613851439
5573,FDT40,OUT049,2144.333176817954
5574,NCG19,OUT017,3803.1992225901213
5575,NCM30,OUT035,754.391792893631
5576,FDB38,OUT017,2683.79633518314
5577,FDB22,OUT046,2592.9389649413747
5578,FDC58,OUT046,781.3566891584217
5579,NCI29,OUT013,2138.6856490094233
5580,FDA23,OUT010,228.63124418812845
5581,DRG48,OUT013,2149.565576539505
5582,FDV21,OUT013,2127.0046875095636
5583,NCG18,OUT019,216.41453752178768
5584,FDG40,OUT045,771.8026104404055
5585,FDU24,OUT018,1400.6662886223116
5586,FDA22,OUT049,2693.201689390903
5587,FDY35,OUT046,780.9226848957121
5588,FDJ15,OUT045,3084.3216852373143
5589,NCW18,OUT018,3447.395269078971
5590,FDK56,OUT018,2913.1741893071685
5591,FDF44,OUT046,2110.1037941091986
5592,FDP51,OUT049,1999.4742027294355
5593,FDU22,OUT027,3072.852623533256
5594,FDM28,OUT017,2989.84636088071
5595,NCL42,OUT046,3824.410309840519
5596,FDJ15,OUT019,519.0476410388294
5597,FDI32,OUT018,1629.9563097672417
5598,DRL11,OUT046,2670.8866455848943
5599,DRO59,OUT018,965.0127956816473
5600,FDA07,OUT019,338.0121273650991
5601,NCO53,OUT013,3091.9274892208
5602,FDO21,OUT045,3648.2882525123478
5603,FDW39,OUT045,2986.924548389419
5604,NCV17,OUT013,2129.288159279002
5605,FDE22,OUT046,2671.449701454026
5606,NCB06,OUT018,2449.270925067496
5607,DRF48,OUT017,3209.0650113195343
5608,FDB05,OUT013,3946.7645673446655
5609,FDP28,OUT027,5938.39445559227
5610,FDP23,OUT046,3535.861737854448
5611,NCS41,OUT018,2811.850469645998
5612,FDS40,OUT018,704.4823131524254
5613,FDA16,OUT017,3618.1120201505273
5614,FDN20,OUT035,2747.3230564147666
5615,FDF04,OUT027,5979.782433607279
5616,DRG36,OUT018,2592.5299123391883
5617,FDW16,OUT018,1348.068804756866
5618,FDU09,OUT017,852.3213723028607
5619,FDW01,OUT046,2592.375909072243
5620,FDB15,OUT045,3855.189016980322
5621,NCJ17,OUT049,1414.4571928578348
5622,NCT18,OUT018,2796.5708097695865
5623,FDG16,OUT018,3096.163623293877
5624,FDP27,OUT017,3283.927649320629
5625,FDQ44,OUT027,3475.34119915888
5626,FDL50,OUT027,3447.631912844571
5627,FDW57,OUT027,4809.8179135386645
5628,FDS34,OUT013,1872.5236463799147
5629,NCV30,OUT035,1043.0632792264607
5630,FDD26,OUT018,2885.3288396601906
5631,FDA03,OUT045,2274.8364355367185
5632,FDS27,OUT018,2993.788552060021
5633,FDM12,OUT013,3168.2523868735625
5634,NCV42,OUT027,2986.652172370138
5635,NCS41,OUT046,3139.7910107713997
5636,FDN56,OUT018,1929.7275101178855
5637,DRK59,OUT046,3757.0908759584854
5638,NCG18,OUT046,1606.661242221745
5639,NCN26,OUT017,1867.6246629918655
5640,FDI60,OUT027,1958.8245656438457
5641,NCI43,OUT049,803.5973346730348
5642,NCL17,OUT049,2142.2876831491617
5643,FDQ19,OUT019,790.5979722795944
5644,FDY43,OUT049,2699.1561341643137
5645,FDR36,OUT049,776.9159830748297
5646,FDJ58,OUT049,2980.1808267748734
5647,DRY23,OUT045,784.5247190354507
5648,FDK26,OUT027,5047.3053026777525
5649,DRH03,OUT045,1561.1664432518419
5650,FDC10,OUT010,327.73762679135007
5651,FDD23,OUT013,3165.7075256078547
5652,FDP32,OUT045,2120.2287782474054
5653,FDO31,OUT035,1321.149697892894
5654,FDQ57,OUT013,2139.248704878555
5655,FDX32,OUT027,3471.7651025395094
5656,FDC39,OUT027,5403.110555906014
5657,FDU55,OUT046,3858.64873152771
5658,FDL45,OUT013,2129.8512151481336
5659,DRK37,OUT049,3268.905406860855
5660,FDK22,OUT013,3446.893742044172
5661,DRG37,OUT027,4216.098550703143
5662,FDK22,OUT017,3473.726023140405
5663,DRH36,OUT018,967.8593233202175
5664,DRC36,OUT018,2705.0593536731994
5665,DRE03,OUT027,1400.5636529352298
5666,FDF34,OUT046,3258.5621454762545
5667,FDZ22,OUT046,1260.464048241969
5668,FDC44,OUT010,304.7175599966222
5669,FDN31,OUT027,5072.16806135349
5670,FDO03,OUT017,3796.1605926357274
5671,FDA01,OUT049,1024.6152987935225
5672,NCH42,OUT049,3811.294120209247
5673,FDF46,OUT018,1627.1097821286712
5674,DRL35,OUT046,780.7936332892896
5675,FDW46,OUT049,1102.626264796261
5676,FDB58,OUT046,2122.34781147819
5677,FDD47,OUT018,2579.031948364577
5678,NCO17,OUT045,1859.3692801193713
5679,FDJ26,OUT017,3480.3664724414566
5680,FDU37,OUT045,1270.7065316827598
